Ticker,Correlated Ticker,Correlation
ADANIENT,ADANIENT,1.0
ADANIPORTS,ADANIENT,0.8458064596282272
APOLLOHOSP,ADANIENT,0.5948066707133435
ASIANPAINT,ADANIENT,-0.18647884466093245
AXISBANK,ADANIENT,0.5370482147197121
BAJAJ-AUTO,ADANIENT,0.634550753331499
BAJAJFINSV,ADANIENT,0.0801126221968504
BAJFINANCE,ADANIENT,-0.4373087548192716
BEL,ADANIENT,0.5976344926985587
BHARTIARTL,ADANIENT,0.4822981319322696
BPCL,ADANIENT,0.7595871081140046
BRITANNIA,ADANIENT,0.44727420290475045
CIPLA,ADANIENT,0.6547694370054832
COALINDIA,ADANIENT,0.7621596921916644
DRREDDY,ADANIENT,0.5688550753295282
EICHERMOT,ADANIENT,0.48059615805817063
GRASIM,ADANIENT,0.5074928275039853
HCLTECH,ADANIENT,0.4408688645773887
HDFCBANK,ADANIENT,0.04573227368375073
HDFCLIFE,ADANIENT,-0.12985153484457507
HEROMOTOCO,ADANIENT,0.7228603819141262
HINDALCO,ADANIENT,0.5385127277834093
HINDUNILVR,ADANIENT,-0.02399132308387946
ICICIBANK,ADANIENT,0.4963290230604022
INDUSINDBK,ADANIENT,0.14129111498615243
INFY,ADANIENT,0.3332415225882299
ITC,ADANIENT,0.011337919074455804
JSWSTEEL,ADANIENT,0.5006417648818479
KOTAKBANK,ADANIENT,0.1023112588081328
LT,ADANIENT,0.8111180741500107
M&M,ADANIENT,0.4588021149726256
MARUTI,ADANIENT,0.5767689418147347
NESTLEIND,ADANIENT,0.4847274915337341
NTPC,ADANIENT,0.6845525984649159
ONGC,ADANIENT,0.7051512882674956
POWERGRID,ADANIENT,0.6620560055644071
RELIANCE,ADANIENT,0.8489278671265768
SBILIFE,ADANIENT,0.3790758475204993
SBIN,ADANIENT,0.6998647770666341
SHRIRAMFIN,ADANIENT,0.4694278178735845
SUNPHARMA,ADANIENT,0.5552060527098124
TATACONSUM,ADANIENT,0.7832986069790786
TATAMOTORS,ADANIENT,0.7839649582833813
TATASTEEL,ADANIENT,0.732032711370657
TCS,ADANIENT,0.6013748438683383
TECHM,ADANIENT,0.3061883592353386
TITAN,ADANIENT,0.4571179973603689
TRENT,ADANIENT,0.43679027771764173
ULTRACEMCO,ADANIENT,0.5904620705460282
WIPRO,ADANIENT,0.6097739910870342
ADANIENT,ADANIPORTS,0.8458064596282272
ADANIPORTS,ADANIPORTS,1.0
APOLLOHOSP,ADANIPORTS,0.8150854524922282
ASIANPAINT,ADANIPORTS,-0.2465197504762785
AXISBANK,ADANIPORTS,0.7702069608401569
BAJAJ-AUTO,ADANIPORTS,0.8877179967624231
BAJAJFINSV,ADANIPORTS,0.21508548075248585
BAJFINANCE,ADANIPORTS,-0.4861277803165648
BEL,ADANIPORTS,0.9003771041460732
BHARTIARTL,ADANIPORTS,0.8199704773749252
BPCL,ADANIPORTS,0.9410678490782768
BRITANNIA,ADANIPORTS,0.7293830687509805
CIPLA,ADANIPORTS,0.8939696441711733
COALINDIA,ADANIPORTS,0.9588401223463892
DRREDDY,ADANIPORTS,0.8332518239853485
EICHERMOT,ADANIPORTS,0.8091431925605871
GRASIM,ADANIPORTS,0.8594286475832318
HCLTECH,ADANIPORTS,0.6288886163486811
HDFCBANK,ADANIPORTS,0.3160199287725015
HDFCLIFE,ADANIPORTS,0.16977005087356914
HEROMOTOCO,ADANIPORTS,0.9271672554172784
HINDALCO,ADANIPORTS,0.8040264353346854
HINDUNILVR,ADANIPORTS,0.23891256968336938
ICICIBANK,ADANIPORTS,0.8319205961236251
INDUSINDBK,ADANIPORTS,-0.19563512343073827
INFY,ADANIPORTS,0.604506540122393
ITC,ADANIPORTS,0.33437198977433563
JSWSTEEL,ADANIPORTS,0.7677507799535565
KOTAKBANK,ADANIPORTS,0.10002673913742773
LT,ADANIPORTS,0.8548557174619252
M&M,ADANIPORTS,0.8029665019931403
MARUTI,ADANIPORTS,0.7835462041180131
NESTLEIND,ADANIPORTS,0.3576429156182538
NTPC,ADANIPORTS,0.9279439862802641
ONGC,ADANIPORTS,0.9329678142802943
POWERGRID,ADANIPORTS,0.9426155087233016
RELIANCE,ADANIPORTS,0.8997935097255916
SBILIFE,ADANIPORTS,0.6817089191883016
SBIN,ADANIPORTS,0.9252606663029468
SHRIRAMFIN,ADANIPORTS,0.7939968111416935
SUNPHARMA,ADANIPORTS,0.8332576919631237
TATACONSUM,ADANIPORTS,0.8230572785580701
TATAMOTORS,ADANIPORTS,0.9165225499671582
TATASTEEL,ADANIPORTS,0.8342552713977388
TCS,ADANIPORTS,0.8174824402130634
TECHM,ADANIPORTS,0.659344435606107
TITAN,ADANIPORTS,0.2151623981744174
TRENT,ADANIPORTS,0.7793583480569781
ULTRACEMCO,ADANIPORTS,0.8555209348199408
WIPRO,ADANIPORTS,0.7988041240711219
ADANIENT,APOLLOHOSP,0.5948066707133435
ADANIPORTS,APOLLOHOSP,0.8150854524922282
APOLLOHOSP,APOLLOHOSP,1.0
ASIANPAINT,APOLLOHOSP,-0.15787209230086965
AXISBANK,APOLLOHOSP,0.6073921786517399
BAJAJ-AUTO,APOLLOHOSP,0.8937532995257986
BAJAJFINSV,APOLLOHOSP,0.5091495667181797
BAJFINANCE,APOLLOHOSP,-0.41089176128837096
BEL,APOLLOHOSP,0.7521385738847534
BHARTIARTL,APOLLOHOSP,0.8655251041850812
BPCL,APOLLOHOSP,0.8726835386719105
BRITANNIA,APOLLOHOSP,0.7618796921171633
CIPLA,APOLLOHOSP,0.8955055959454995
COALINDIA,APOLLOHOSP,0.8000671157712274
DRREDDY,APOLLOHOSP,0.8572177565467874
EICHERMOT,APOLLOHOSP,0.7204222158202189
GRASIM,APOLLOHOSP,0.8073654457618804
HCLTECH,APOLLOHOSP,0.9126445748345052
HDFCBANK,APOLLOHOSP,0.4292883999013736
HDFCLIFE,APOLLOHOSP,0.48368944949026627
HEROMOTOCO,APOLLOHOSP,0.8130798084505919
HINDALCO,APOLLOHOSP,0.7215007819635237
HINDUNILVR,APOLLOHOSP,0.38817311016089434
ICICIBANK,APOLLOHOSP,0.853108332428153
INDUSINDBK,APOLLOHOSP,-0.44742545699775993
INFY,APOLLOHOSP,0.8431843255969421
ITC,APOLLOHOSP,0.5304592733613418
JSWSTEEL,APOLLOHOSP,0.8001061772877035
KOTAKBANK,APOLLOHOSP,0.23473359973329858
LT,APOLLOHOSP,0.7126291241937263
M&M,APOLLOHOSP,0.7586097812847473
MARUTI,APOLLOHOSP,0.5638280917303661
NESTLEIND,APOLLOHOSP,0.16714107749755144
NTPC,APOLLOHOSP,0.9010427147162114
ONGC,APOLLOHOSP,0.7955431027645579
POWERGRID,APOLLOHOSP,0.8309339088305266
RELIANCE,APOLLOHOSP,0.6453859262206428
SBILIFE,APOLLOHOSP,0.8172978740710024
SBIN,APOLLOHOSP,0.7398849609444057
SHRIRAMFIN,APOLLOHOSP,0.900181695521596
SUNPHARMA,APOLLOHOSP,0.9480260102116248
TATACONSUM,APOLLOHOSP,0.6688991120617205
TATAMOTORS,APOLLOHOSP,0.6879522571702297
TATASTEEL,APOLLOHOSP,0.5209286158348916
TCS,APOLLOHOSP,0.8619095532129161
TECHM,APOLLOHOSP,0.8499165876142827
TITAN,APOLLOHOSP,0.26891992022523403
TRENT,APOLLOHOSP,0.877633028561032
ULTRACEMCO,APOLLOHOSP,0.8300269732772395
WIPRO,APOLLOHOSP,0.906900067000262
ADANIENT,ASIANPAINT,-0.18647884466093245
ADANIPORTS,ASIANPAINT,-0.2465197504762785
APOLLOHOSP,ASIANPAINT,-0.15787209230086965
ASIANPAINT,ASIANPAINT,1.0
AXISBANK,ASIANPAINT,0.0009706255827002958
BAJAJ-AUTO,ASIANPAINT,-0.16256324626839544
BAJAJFINSV,ASIANPAINT,0.4634438298513192
BAJFINANCE,ASIANPAINT,0.6094270895386502
BEL,ASIANPAINT,-0.24626266491603527
BHARTIARTL,ASIANPAINT,-0.17803261872421602
BPCL,ASIANPAINT,-0.2524396814080767
BRITANNIA,ASIANPAINT,0.24452798529653813
CIPLA,ASIANPAINT,-0.2012122430492135
COALINDIA,ASIANPAINT,-0.20012593982978397
DRREDDY,ASIANPAINT,-0.06645510486647864
EICHERMOT,ASIANPAINT,-0.16648395720869977
GRASIM,ASIANPAINT,-0.12808845695884175
HCLTECH,ASIANPAINT,-0.08411532370847688
HDFCBANK,ASIANPAINT,0.29862314231075626
HDFCLIFE,ASIANPAINT,0.38391511712578774
HEROMOTOCO,ASIANPAINT,-0.1341356134459764
HINDALCO,ASIANPAINT,-0.08313927013669302
HINDUNILVR,ASIANPAINT,0.6097370648344221
ICICIBANK,ASIANPAINT,-0.21148834206597314
INDUSINDBK,ASIANPAINT,0.4419908719317089
INFY,ASIANPAINT,0.1065844166263653
ITC,ASIANPAINT,0.460887199858151
JSWSTEEL,ASIANPAINT,-0.060194282784913525
KOTAKBANK,ASIANPAINT,0.5755714263989729
LT,ASIANPAINT,-0.14066942860089085
M&M,ASIANPAINT,-0.2123990361320002
MARUTI,ASIANPAINT,-0.2999570220523297
NESTLEIND,ASIANPAINT,0.33244226620191614
NTPC,ASIANPAINT,-0.1479441898445513
ONGC,ASIANPAINT,-0.2396360929093897
POWERGRID,ASIANPAINT,-0.2661744491163857
RELIANCE,ASIANPAINT,-0.2214555167811041
SBILIFE,ASIANPAINT,0.20665509627145462
SBIN,ASIANPAINT,-0.42678954524423957
SHRIRAMFIN,ASIANPAINT,-0.030135908728373302
SUNPHARMA,ASIANPAINT,-0.210303635156014
TATACONSUM,ASIANPAINT,-0.005592685368525476
TATAMOTORS,ASIANPAINT,-0.24749070211274862
TATASTEEL,ASIANPAINT,-0.3574333204325328
TCS,ASIANPAINT,-0.038384118487573914
TECHM,ASIANPAINT,-0.030904543466858864
TITAN,ASIANPAINT,0.37094167170485937
TRENT,ASIANPAINT,-0.09311833952907275
ULTRACEMCO,ASIANPAINT,0.017379064834706564
WIPRO,ASIANPAINT,-0.23092146904728902
ADANIENT,AXISBANK,0.5370482147197121
ADANIPORTS,AXISBANK,0.7702069608401569
APOLLOHOSP,AXISBANK,0.6073921786517399
ASIANPAINT,AXISBANK,0.0009706255827002958
AXISBANK,AXISBANK,1.0
BAJAJ-AUTO,AXISBANK,0.742849691422001
BAJAJFINSV,AXISBANK,0.3345580156401274
BAJFINANCE,AXISBANK,-0.15524950924826458
BEL,AXISBANK,0.8630114680436075
BHARTIARTL,AXISBANK,0.767627353890485
BPCL,AXISBANK,0.6741796150910535
BRITANNIA,AXISBANK,0.7958166476843181
CIPLA,AXISBANK,0.6952999626463754
COALINDIA,AXISBANK,0.7378415362164866
DRREDDY,AXISBANK,0.6437012415647027
EICHERMOT,AXISBANK,0.8398005857768182
GRASIM,AXISBANK,0.848108109216943
HCLTECH,AXISBANK,0.4531070592083128
HDFCBANK,AXISBANK,0.6346575695904082
HDFCLIFE,AXISBANK,0.2583527308869318
HEROMOTOCO,AXISBANK,0.836953151679815
HINDALCO,AXISBANK,0.8346635212278638
HINDUNILVR,AXISBANK,0.4743299961213247
ICICIBANK,AXISBANK,0.8196406924090632
INDUSINDBK,AXISBANK,-0.20532370062711805
INFY,AXISBANK,0.5402659338539675
ITC,AXISBANK,0.4640639935529281
JSWSTEEL,AXISBANK,0.8111168615538316
KOTAKBANK,AXISBANK,0.27550311697272756
LT,AXISBANK,0.6532091350511126
M&M,AXISBANK,0.8222750581850613
MARUTI,AXISBANK,0.5965354418542924
NESTLEIND,AXISBANK,0.32696593012073444
NTPC,AXISBANK,0.7691170175890273
ONGC,AXISBANK,0.6639914410503591
POWERGRID,AXISBANK,0.8205244348952103
RELIANCE,AXISBANK,0.6498504076605374
SBILIFE,AXISBANK,0.6008547907020817
SBIN,AXISBANK,0.7726752205300433
SHRIRAMFIN,AXISBANK,0.7407593343072069
SUNPHARMA,AXISBANK,0.62085434000687
TATACONSUM,AXISBANK,0.531075651023487
TATAMOTORS,AXISBANK,0.5968310346878762
TATASTEEL,AXISBANK,0.7096679237986803
TCS,AXISBANK,0.5964713596493333
TECHM,AXISBANK,0.6814830653333906
TITAN,AXISBANK,0.002642901574939365
TRENT,AXISBANK,0.7354663141609872
ULTRACEMCO,AXISBANK,0.8676938536347364
WIPRO,AXISBANK,0.67454252720235
ADANIENT,BAJAJ-AUTO,0.634550753331499
ADANIPORTS,BAJAJ-AUTO,0.8877179967624231
APOLLOHOSP,BAJAJ-AUTO,0.8937532995257986
ASIANPAINT,BAJAJ-AUTO,-0.16256324626839544
AXISBANK,BAJAJ-AUTO,0.742849691422001
BAJAJ-AUTO,BAJAJ-AUTO,1.0
BAJAJFINSV,BAJAJ-AUTO,0.5163647143841628
BAJFINANCE,BAJAJ-AUTO,-0.3229367487874204
BEL,BAJAJ-AUTO,0.8726666242854081
BHARTIARTL,BAJAJ-AUTO,0.9510099135478611
BPCL,BAJAJ-AUTO,0.9242632690230087
BRITANNIA,BAJAJ-AUTO,0.8287668825869248
CIPLA,BAJAJ-AUTO,0.951692014449725
COALINDIA,BAJAJ-AUTO,0.8960681810297979
DRREDDY,BAJAJ-AUTO,0.8344738341352078
EICHERMOT,BAJAJ-AUTO,0.8476524470762181
GRASIM,BAJAJ-AUTO,0.9023197997657907
HCLTECH,BAJAJ-AUTO,0.7519698831343541
HDFCBANK,BAJAJ-AUTO,0.45388629097481276
HDFCLIFE,BAJAJ-AUTO,0.3839159562842059
HEROMOTOCO,BAJAJ-AUTO,0.9312820812427159
HINDALCO,BAJAJ-AUTO,0.8687573412579457
HINDUNILVR,BAJAJ-AUTO,0.42400671543971247
ICICIBANK,BAJAJ-AUTO,0.9202960361470749
INDUSINDBK,BAJAJ-AUTO,-0.34810910601193923
INFY,BAJAJ-AUTO,0.7262791198747641
ITC,BAJAJ-AUTO,0.5207861029942773
JSWSTEEL,BAJAJ-AUTO,0.8837367037077566
KOTAKBANK,BAJAJ-AUTO,0.17060042012272766
LT,BAJAJ-AUTO,0.7462047167275202
M&M,BAJAJ-AUTO,0.893160260669649
MARUTI,BAJAJ-AUTO,0.7936297421997915
NESTLEIND,BAJAJ-AUTO,0.2961107502986452
NTPC,BAJAJ-AUTO,0.956263204703824
ONGC,BAJAJ-AUTO,0.8504366108603955
POWERGRID,BAJAJ-AUTO,0.9318575524547431
RELIANCE,BAJAJ-AUTO,0.7283594692031438
SBILIFE,BAJAJ-AUTO,0.8218330589818943
SBIN,BAJAJ-AUTO,0.8517529073283509
SHRIRAMFIN,BAJAJ-AUTO,0.9373933519524693
SUNPHARMA,BAJAJ-AUTO,0.9455713001891608
TATACONSUM,BAJAJ-AUTO,0.7113795172283761
TATAMOTORS,BAJAJ-AUTO,0.7863091126071757
TATASTEEL,BAJAJ-AUTO,0.7454958970189611
TCS,BAJAJ-AUTO,0.8226054603800897
TECHM,BAJAJ-AUTO,0.8018322018775748
TITAN,BAJAJ-AUTO,0.1997104077447448
TRENT,BAJAJ-AUTO,0.9363827154609684
ULTRACEMCO,BAJAJ-AUTO,0.860869140938894
WIPRO,BAJAJ-AUTO,0.8164226906710327
ADANIENT,BAJAJFINSV,0.0801126221968504
ADANIPORTS,BAJAJFINSV,0.21508548075248585
APOLLOHOSP,BAJAJFINSV,0.5091495667181797
ASIANPAINT,BAJAJFINSV,0.4634438298513192
AXISBANK,BAJAJFINSV,0.3345580156401274
BAJAJ-AUTO,BAJAJFINSV,0.5163647143841628
BAJAJFINSV,BAJAJFINSV,1.0
BAJFINANCE,BAJAJFINSV,0.3854756012262876
BEL,BAJAJFINSV,0.24828793979332542
BHARTIARTL,BAJAJFINSV,0.5179929181074706
BPCL,BAJAJFINSV,0.3237831200171805
BRITANNIA,BAJAJFINSV,0.6093965751861877
CIPLA,BAJAJFINSV,0.40670380937495276
COALINDIA,BAJAJFINSV,0.2294846116612005
DRREDDY,BAJAJFINSV,0.3769771954855501
EICHERMOT,BAJAJFINSV,0.3542117024369978
GRASIM,BAJAJFINSV,0.4335131155763095
HCLTECH,BAJAJFINSV,0.5676129040280311
HDFCBANK,BAJAJFINSV,0.5797138593197866
HDFCLIFE,BAJAJFINSV,0.6983518846978485
HEROMOTOCO,BAJAJFINSV,0.34449271551526567
HINDALCO,BAJAJFINSV,0.4471220549167794
HINDUNILVR,BAJAJFINSV,0.6436582450825926
ICICIBANK,BAJAJFINSV,0.4891618807668737
INDUSINDBK,BAJAJFINSV,-0.1549091786277135
INFY,BAJAJFINSV,0.594744822116824
ITC,BAJAJFINSV,0.7051440272709427
JSWSTEEL,BAJAJFINSV,0.5855299403464774
KOTAKBANK,BAJAJFINSV,0.5337604721358078
LT,BAJAJFINSV,0.2780128763094065
M&M,BAJAJFINSV,0.40005282206650167
MARUTI,BAJAJFINSV,0.20155383621161638
NESTLEIND,BAJAJFINSV,0.19849974615223884
NTPC,BAJAJFINSV,0.4597466581521745
ONGC,BAJAJFINSV,0.18256009508606208
POWERGRID,BAJAJFINSV,0.29713319091268997
RELIANCE,BAJAJFINSV,0.04237528158189359
SBILIFE,BAJAJFINSV,0.6890485331130339
SBIN,BAJAJFINSV,0.1266426061774683
SHRIRAMFIN,BAJAJFINSV,0.6183331142860427
SUNPHARMA,BAJAJFINSV,0.5185231182146725
TATACONSUM,BAJAJFINSV,0.1930701136083485
TATAMOTORS,BAJAJFINSV,0.0880770959774005
TATASTEEL,BAJAJFINSV,0.06639374216951478
TCS,BAJAJFINSV,0.41661798412392276
TECHM,BAJAJFINSV,0.5648440583068702
TITAN,BAJAJFINSV,0.3572286754939997
TRENT,BAJAJFINSV,0.575921466579318
ULTRACEMCO,BAJAJFINSV,0.4489046357659561
WIPRO,BAJAJFINSV,0.3838620958309845
ADANIENT,BAJFINANCE,-0.4373087548192716
ADANIPORTS,BAJFINANCE,-0.4861277803165648
APOLLOHOSP,BAJFINANCE,-0.41089176128837096
ASIANPAINT,BAJFINANCE,0.6094270895386502
AXISBANK,BAJFINANCE,-0.15524950924826458
BAJAJ-AUTO,BAJFINANCE,-0.3229367487874204
BAJAJFINSV,BAJFINANCE,0.3854756012262876
BAJFINANCE,BAJFINANCE,1.0
BEL,BAJFINANCE,-0.35326831734588254
BHARTIARTL,BAJFINANCE,-0.2800859122761716
BPCL,BAJFINANCE,-0.5531931110868751
BRITANNIA,BAJFINANCE,-0.09978430553838552
CIPLA,BAJFINANCE,-0.41678736677407746
COALINDIA,BAJFINANCE,-0.5113414853382531
DRREDDY,BAJFINANCE,-0.4362590874267298
EICHERMOT,BAJFINANCE,-0.30231692444827557
GRASIM,BAJFINANCE,-0.28639722472615436
HCLTECH,BAJFINANCE,-0.3455066846515056
HDFCBANK,BAJFINANCE,0.25085122522487596
HDFCLIFE,BAJFINANCE,0.1541584391299791
HEROMOTOCO,BAJFINANCE,-0.37501311855488684
HINDALCO,BAJFINANCE,-0.20177465599200073
HINDUNILVR,BAJFINANCE,0.2799554326981179
ICICIBANK,BAJFINANCE,-0.3025481155145743
INDUSINDBK,BAJFINANCE,0.2907515630587164
INFY,BAJFINANCE,-0.22602982832727003
ITC,BAJFINANCE,0.20296057763844746
JSWSTEEL,BAJFINANCE,-0.15567041960741365
KOTAKBANK,BAJFINANCE,0.37810312083994263
LT,BAJFINANCE,-0.3256357454619304
M&M,BAJFINANCE,-0.25804473607269673
MARUTI,BAJFINANCE,-0.30729597004434245
NESTLEIND,BAJFINANCE,0.026872087615123805
NTPC,BAJFINANCE,-0.4001422591022671
ONGC,BAJFINANCE,-0.5316579330588633
POWERGRID,BAJFINANCE,-0.454651083981582
RELIANCE,BAJFINANCE,-0.4733314905261744
SBILIFE,BAJFINANCE,-0.15412335651275214
SBIN,BAJFINANCE,-0.5175128093722445
SHRIRAMFIN,BAJFINANCE,-0.20481770594725202
SUNPHARMA,BAJFINANCE,-0.4183150888286551
TATACONSUM,BAJFINANCE,-0.4220369832678682
TATAMOTORS,BAJFINANCE,-0.5329799828559244
TATASTEEL,BAJFINANCE,-0.33686452312940096
TCS,BAJFINANCE,-0.4159279783696307
TECHM,BAJFINANCE,-0.2190300963221343
TITAN,BAJFINANCE,0.03896306695312447
TRENT,BAJFINANCE,-0.26796263318436353
ULTRACEMCO,BAJFINANCE,-0.26117163632471674
WIPRO,BAJFINANCE,-0.43476573994705836
ADANIENT,BEL,0.5976344926985587
ADANIPORTS,BEL,0.9003771041460732
APOLLOHOSP,BEL,0.7521385738847534
ASIANPAINT,BEL,-0.24626266491603527
AXISBANK,BEL,0.8630114680436075
BAJAJ-AUTO,BEL,0.8726666242854081
BAJAJFINSV,BEL,0.24828793979332542
BAJFINANCE,BEL,-0.35326831734588254
BEL,BEL,1.0
BHARTIARTL,BEL,0.904269754180781
BPCL,BEL,0.8398312221284946
BRITANNIA,BEL,0.7965703032187755
CIPLA,BEL,0.8608338895923137
COALINDIA,BEL,0.8897248871583371
DRREDDY,BEL,0.7800237927207369
EICHERMOT,BEL,0.9353745345712253
GRASIM,BEL,0.945538797458558
HCLTECH,BEL,0.5661250850849454
HDFCBANK,BEL,0.5384974378627065
HDFCLIFE,BEL,0.3001184469078578
HEROMOTOCO,BEL,0.9002833073319129
HINDALCO,BEL,0.9045854616143041
HINDUNILVR,BEL,0.3823449350574844
ICICIBANK,BEL,0.908998699348819
INDUSINDBK,BEL,-0.41528787938178446
INFY,BEL,0.618484459196653
ITC,BEL,0.47603245574906766
JSWSTEEL,BEL,0.873037130774089
KOTAKBANK,BEL,0.11377316684344868
LT,BEL,0.72918769146228
M&M,BEL,0.9493235102769724
MARUTI,BEL,0.7707218663280345
NESTLEIND,BEL,0.15964053054130756
NTPC,BEL,0.905960804004115
ONGC,BEL,0.8506908572894613
POWERGRID,BEL,0.9578636657433829
RELIANCE,BEL,0.7234721921207029
SBILIFE,BEL,0.6824440186629075
SBIN,BEL,0.9253487096526636
SHRIRAMFIN,BEL,0.8418509244303106
SUNPHARMA,BEL,0.8045297264243704
TATACONSUM,BEL,0.6036179046753569
TATAMOTORS,BEL,0.7611308471293221
TATASTEEL,BEL,0.811677038190557
TCS,BEL,0.7233807167928437
TECHM,BEL,0.7770037096359016
TITAN,BEL,-0.09315626592985697
TRENT,BEL,0.8632419184620034
ULTRACEMCO,BEL,0.8947768312653939
WIPRO,BEL,0.7510171209608825
ADANIENT,BHARTIARTL,0.4822981319322696
ADANIPORTS,BHARTIARTL,0.8199704773749252
APOLLOHOSP,BHARTIARTL,0.8655251041850812
ASIANPAINT,BHARTIARTL,-0.17803261872421602
AXISBANK,BHARTIARTL,0.767627353890485
BAJAJ-AUTO,BHARTIARTL,0.9510099135478611
BAJAJFINSV,BHARTIARTL,0.5179929181074706
BAJFINANCE,BHARTIARTL,-0.2800859122761716
BEL,BHARTIARTL,0.904269754180781
BHARTIARTL,BHARTIARTL,1.0
BPCL,BHARTIARTL,0.849212280380247
BRITANNIA,BHARTIARTL,0.856598757915464
CIPLA,BHARTIARTL,0.8997165844982092
COALINDIA,BHARTIARTL,0.8294304243472997
DRREDDY,BHARTIARTL,0.8069015711380525
EICHERMOT,BHARTIARTL,0.8958394973710562
GRASIM,BHARTIARTL,0.9422735363056381
HCLTECH,BHARTIARTL,0.74588944176389
HDFCBANK,BHARTIARTL,0.5870431584835505
HDFCLIFE,BHARTIARTL,0.49145363372175443
HEROMOTOCO,BHARTIARTL,0.8779669853464402
HINDALCO,BHARTIARTL,0.9070022380493924
HINDUNILVR,BHARTIARTL,0.4897885077361528
ICICIBANK,BHARTIARTL,0.9666736260257272
INDUSINDBK,BHARTIARTL,-0.5417832803750185
INFY,BHARTIARTL,0.7658127609616023
ITC,BHARTIARTL,0.6238805454772713
JSWSTEEL,BHARTIARTL,0.9268153767578133
KOTAKBANK,BHARTIARTL,0.17006239007046936
LT,BHARTIARTL,0.6553018736817962
M&M,BHARTIARTL,0.9521570138028597
MARUTI,BHARTIARTL,0.7261387509485162
NESTLEIND,BHARTIARTL,0.08306508926841097
NTPC,BHARTIARTL,0.940136116427341
ONGC,BHARTIARTL,0.7915371237410318
POWERGRID,BHARTIARTL,0.9221917729902602
RELIANCE,BHARTIARTL,0.5863837999359113
SBILIFE,BHARTIARTL,0.8109115916316884
SBIN,BHARTIARTL,0.8320219870883375
SHRIRAMFIN,BHARTIARTL,0.9567993572752043
SUNPHARMA,BHARTIARTL,0.9323695970360869
TATACONSUM,BHARTIARTL,0.5522068713669032
TATAMOTORS,BHARTIARTL,0.662700308301678
TATASTEEL,BHARTIARTL,0.6735966826492783
TCS,BHARTIARTL,0.7665840150010085
TECHM,BHARTIARTL,0.8962608595084218
TITAN,BHARTIARTL,-0.009407435447327712
TRENT,BHARTIARTL,0.9762636778480912
ULTRACEMCO,BHARTIARTL,0.8692629570508001
WIPRO,BHARTIARTL,0.8022701206195125
ADANIENT,BPCL,0.7595871081140046
ADANIPORTS,BPCL,0.9410678490782768
APOLLOHOSP,BPCL,0.8726835386719105
ASIANPAINT,BPCL,-0.2524396814080767
AXISBANK,BPCL,0.6741796150910535
BAJAJ-AUTO,BPCL,0.9242632690230087
BAJAJFINSV,BPCL,0.3237831200171805
BAJFINANCE,BPCL,-0.5531931110868751
BEL,BPCL,0.8398312221284946
BHARTIARTL,BPCL,0.849212280380247
BPCL,BPCL,1.0
BRITANNIA,BPCL,0.7229385273895153
CIPLA,BPCL,0.9309655536022785
COALINDIA,BPCL,0.9610710053277207
DRREDDY,BPCL,0.8714254892664488
EICHERMOT,BPCL,0.8006238975175154
GRASIM,BPCL,0.8454598464269074
HCLTECH,BPCL,0.708192110247032
HDFCBANK,BPCL,0.25346797979478525
HDFCLIFE,BPCL,0.2584400910477704
HEROMOTOCO,BPCL,0.9034932543164943
HINDALCO,BPCL,0.7754890903860582
HINDUNILVR,BPCL,0.26608664918770186
ICICIBANK,BPCL,0.8376099584295195
INDUSINDBK,BPCL,-0.28062506754862504
INFY,BPCL,0.6668439336676548
ITC,BPCL,0.3571697530906565
JSWSTEEL,BPCL,0.7737565069617379
KOTAKBANK,BPCL,0.028322937799118448
LT,BPCL,0.7676872661451406
M&M,BPCL,0.799557029990487
MARUTI,BPCL,0.8054268628858747
NESTLEIND,BPCL,0.2996355089867575
NTPC,BPCL,0.9406555136116939
ONGC,BPCL,0.932728117784019
POWERGRID,BPCL,0.9346245934103493
RELIANCE,BPCL,0.8329487788637852
SBILIFE,BPCL,0.763766911530911
SBIN,BPCL,0.8982376168730357
SHRIRAMFIN,BPCL,0.8347038355621025
SUNPHARMA,BPCL,0.9090310353726312
TATACONSUM,BPCL,0.7930831322574237
TATAMOTORS,BPCL,0.8972810500054859
TATASTEEL,BPCL,0.767670643745938
TCS,BPCL,0.8603503667314552
TECHM,BPCL,0.6974714971644527
TITAN,BPCL,0.23514920634480216
TRENT,BPCL,0.8383125509665607
ULTRACEMCO,BPCL,0.8053000352159128
WIPRO,BPCL,0.8071652478048816
ADANIENT,BRITANNIA,0.44727420290475045
ADANIPORTS,BRITANNIA,0.7293830687509805
APOLLOHOSP,BRITANNIA,0.7618796921171633
ASIANPAINT,BRITANNIA,0.24452798529653813
AXISBANK,BRITANNIA,0.7958166476843181
BAJAJ-AUTO,BRITANNIA,0.8287668825869248
BAJAJFINSV,BRITANNIA,0.6093965751861877
BAJFINANCE,BRITANNIA,-0.09978430553838552
BEL,BRITANNIA,0.7965703032187755
BHARTIARTL,BRITANNIA,0.856598757915464
BPCL,BRITANNIA,0.7229385273895153
BRITANNIA,BRITANNIA,1.0
CIPLA,BRITANNIA,0.801906008518056
COALINDIA,BRITANNIA,0.7572866326632004
DRREDDY,BRITANNIA,0.7928527813538132
EICHERMOT,BRITANNIA,0.7882232342959902
GRASIM,BRITANNIA,0.8711755811698279
HCLTECH,BRITANNIA,0.6702676348039412
HDFCBANK,BRITANNIA,0.6498418396053551
HDFCLIFE,BRITANNIA,0.5806116002052476
HEROMOTOCO,BRITANNIA,0.8370226493994457
HINDALCO,BRITANNIA,0.8357784094257437
HINDUNILVR,BRITANNIA,0.7790827113362202
ICICIBANK,BRITANNIA,0.8226258071369478
INDUSINDBK,BRITANNIA,-0.28085456733565417
INFY,BRITANNIA,0.8089771183280836
ITC,BRITANNIA,0.7859894404157872
JSWSTEEL,BRITANNIA,0.8409136154270399
KOTAKBANK,BRITANNIA,0.44649284138496836
LT,BRITANNIA,0.5843673741076183
M&M,BRITANNIA,0.8303135134175958
MARUTI,BRITANNIA,0.5509233625973485
NESTLEIND,BRITANNIA,0.32937487838997376
NTPC,BRITANNIA,0.8453961609296242
ONGC,BRITANNIA,0.7102571185904292
POWERGRID,BRITANNIA,0.8022943596862335
RELIANCE,BRITANNIA,0.5388300287104161
SBILIFE,BRITANNIA,0.8617555054346338
SBIN,BRITANNIA,0.6420530567856527
SHRIRAMFIN,BRITANNIA,0.8841880004601301
SUNPHARMA,BRITANNIA,0.7852001684686705
TATACONSUM,BRITANNIA,0.6140768436430383
TATAMOTORS,BRITANNIA,0.5784350297061273
TATASTEEL,BRITANNIA,0.5114803298666811
TCS,BRITANNIA,0.7526016784139931
TECHM,BRITANNIA,0.8409767189786501
TITAN,BRITANNIA,0.12995886509848706
TRENT,BRITANNIA,0.8675089680802404
ULTRACEMCO,BRITANNIA,0.9037613909806396
WIPRO,BRITANNIA,0.7039427402590346
ADANIENT,CIPLA,0.6547694370054832
ADANIPORTS,CIPLA,0.8939696441711733
APOLLOHOSP,CIPLA,0.8955055959454995
ASIANPAINT,CIPLA,-0.2012122430492135
AXISBANK,CIPLA,0.6952999626463754
BAJAJ-AUTO,CIPLA,0.951692014449725
BAJAJFINSV,CIPLA,0.40670380937495276
BAJFINANCE,CIPLA,-0.41678736677407746
BEL,CIPLA,0.8608338895923137
BHARTIARTL,CIPLA,0.8997165844982092
BPCL,CIPLA,0.9309655536022785
BRITANNIA,CIPLA,0.801906008518056
CIPLA,CIPLA,1.0
COALINDIA,CIPLA,0.9068129207531538
DRREDDY,CIPLA,0.8767995910569718
EICHERMOT,CIPLA,0.7858869747723369
GRASIM,CIPLA,0.8698375087196712
HCLTECH,CIPLA,0.7692627870828629
HDFCBANK,CIPLA,0.35531474743165486
HDFCLIFE,CIPLA,0.36324603236274405
HEROMOTOCO,CIPLA,0.9165668461448807
HINDALCO,CIPLA,0.782665265231485
HINDUNILVR,CIPLA,0.41327882909827135
ICICIBANK,CIPLA,0.8752183518876937
INDUSINDBK,CIPLA,-0.35030909717164516
INFY,CIPLA,0.7566707734736702
ITC,CIPLA,0.47380408117577866
JSWSTEEL,CIPLA,0.8065240068726238
KOTAKBANK,CIPLA,0.10919266566394925
LT,CIPLA,0.7358372190365595
M&M,CIPLA,0.8565058494729637
MARUTI,CIPLA,0.7411997592701325
NESTLEIND,CIPLA,0.2792614731994655
NTPC,CIPLA,0.9223948194805667
ONGC,CIPLA,0.8840161786763105
POWERGRID,CIPLA,0.9228977175743728
RELIANCE,CIPLA,0.7552216765754473
SBILIFE,CIPLA,0.8175313216558424
SBIN,CIPLA,0.8464575122828568
SHRIRAMFIN,CIPLA,0.9077953858300455
SUNPHARMA,CIPLA,0.9342150848829834
TATACONSUM,CIPLA,0.7541879199952798
TATAMOTORS,CIPLA,0.8119187696560158
TATASTEEL,CIPLA,0.6980852956632771
TCS,CIPLA,0.8607130680903082
TECHM,CIPLA,0.7912089125701413
TITAN,CIPLA,0.19303549408605683
TRENT,CIPLA,0.8967539063736885
ULTRACEMCO,CIPLA,0.8533158975750497
WIPRO,CIPLA,0.8391500316465662
ADANIENT,COALINDIA,0.7621596921916644
ADANIPORTS,COALINDIA,0.9588401223463892
APOLLOHOSP,COALINDIA,0.8000671157712274
ASIANPAINT,COALINDIA,-0.20012593982978397
AXISBANK,COALINDIA,0.7378415362164866
BAJAJ-AUTO,COALINDIA,0.8960681810297979
BAJAJFINSV,COALINDIA,0.2294846116612005
BAJFINANCE,COALINDIA,-0.5113414853382531
BEL,COALINDIA,0.8897248871583371
BHARTIARTL,COALINDIA,0.8294304243472997
BPCL,COALINDIA,0.9610710053277207
BRITANNIA,COALINDIA,0.7572866326632004
CIPLA,COALINDIA,0.9068129207531538
COALINDIA,COALINDIA,1.0
DRREDDY,COALINDIA,0.8666040293586265
EICHERMOT,COALINDIA,0.8271532292799475
GRASIM,COALINDIA,0.863658904535847
HCLTECH,COALINDIA,0.5988017833872471
HDFCBANK,COALINDIA,0.2666414070628423
HDFCLIFE,COALINDIA,0.20102205440710424
HEROMOTOCO,COALINDIA,0.9298012624715303
HINDALCO,COALINDIA,0.8140894881481952
HINDUNILVR,COALINDIA,0.3123932130230348
ICICIBANK,COALINDIA,0.8088457563649177
INDUSINDBK,COALINDIA,-0.1913422531559499
INFY,COALINDIA,0.6145824615001042
ITC,COALINDIA,0.36718372548256806
JSWSTEEL,COALINDIA,0.7592022670169496
KOTAKBANK,COALINDIA,0.07325351847188093
LT,COALINDIA,0.7659801748476417
M&M,COALINDIA,0.815949229181412
MARUTI,COALINDIA,0.8304489266043448
NESTLEIND,COALINDIA,0.3665225076178629
NTPC,COALINDIA,0.9258780759497923
ONGC,COALINDIA,0.961233550739585
POWERGRID,COALINDIA,0.9492457761513892
RELIANCE,COALINDIA,0.8810091190165285
SBILIFE,COALINDIA,0.7279512778129272
SBIN,COALINDIA,0.9049110478324536
SHRIRAMFIN,COALINDIA,0.8072176613201432
SUNPHARMA,COALINDIA,0.8390630900189218
TATACONSUM,COALINDIA,0.8234755160478102
TATAMOTORS,COALINDIA,0.9279766986491369
TATASTEEL,COALINDIA,0.8203652385645169
TCS,COALINDIA,0.8195958122011846
TECHM,COALINDIA,0.6597765506213461
TITAN,COALINDIA,0.17475587894898753
TRENT,COALINDIA,0.8047742857363258
ULTRACEMCO,COALINDIA,0.833210413300213
WIPRO,COALINDIA,0.7458551079039916
ADANIENT,DRREDDY,0.5688550753295282
ADANIPORTS,DRREDDY,0.8332518239853485
APOLLOHOSP,DRREDDY,0.8572177565467874
ASIANPAINT,DRREDDY,-0.06645510486647864
AXISBANK,DRREDDY,0.6437012415647027
BAJAJ-AUTO,DRREDDY,0.8344738341352078
BAJAJFINSV,DRREDDY,0.3769771954855501
BAJFINANCE,DRREDDY,-0.4362590874267298
BEL,DRREDDY,0.7800237927207369
BHARTIARTL,DRREDDY,0.8069015711380525
BPCL,DRREDDY,0.8714254892664488
BRITANNIA,DRREDDY,0.7928527813538132
CIPLA,DRREDDY,0.8767995910569718
COALINDIA,DRREDDY,0.8666040293586265
DRREDDY,DRREDDY,1.0
EICHERMOT,DRREDDY,0.7126117653991091
GRASIM,DRREDDY,0.8599526528480718
HCLTECH,DRREDDY,0.7660183860143424
HDFCBANK,DRREDDY,0.3752000021013021
HDFCLIFE,DRREDDY,0.5052613744997722
HEROMOTOCO,DRREDDY,0.7988831800086043
HINDALCO,DRREDDY,0.6766917084260289
HINDUNILVR,DRREDDY,0.5028090395442983
ICICIBANK,DRREDDY,0.8110257955643366
INDUSINDBK,DRREDDY,-0.325339461585683
INFY,DRREDDY,0.8215543220985179
ITC,DRREDDY,0.5534795122483149
JSWSTEEL,DRREDDY,0.7131510254659621
KOTAKBANK,DRREDDY,0.19722743562434317
LT,DRREDDY,0.6470024296779816
M&M,DRREDDY,0.7567646215928812
MARUTI,DRREDDY,0.6645421799923553
NESTLEIND,DRREDDY,0.2982928119592443
NTPC,DRREDDY,0.871829442714384
ONGC,DRREDDY,0.9050261171923796
POWERGRID,DRREDDY,0.8566775179560204
RELIANCE,DRREDDY,0.7285782413993964
SBILIFE,DRREDDY,0.8702473503838031
SBIN,DRREDDY,0.7640812073562184
SHRIRAMFIN,DRREDDY,0.8549785073335557
SUNPHARMA,DRREDDY,0.8809251776143433
TATACONSUM,DRREDDY,0.752279584692946
TATAMOTORS,DRREDDY,0.8106217149081605
TATASTEEL,DRREDDY,0.5465892944468813
TCS,DRREDDY,0.9064112511634466
TECHM,DRREDDY,0.7836065673580286
TITAN,DRREDDY,0.1719294755554406
TRENT,DRREDDY,0.8287238318672506
ULTRACEMCO,DRREDDY,0.8347417106163272
WIPRO,DRREDDY,0.8206118796503328
ADANIENT,EICHERMOT,0.48059615805817063
ADANIPORTS,EICHERMOT,0.8091431925605871
APOLLOHOSP,EICHERMOT,0.7204222158202189
ASIANPAINT,EICHERMOT,-0.16648395720869977
AXISBANK,EICHERMOT,0.8398005857768182
BAJAJ-AUTO,EICHERMOT,0.8476524470762181
BAJAJFINSV,EICHERMOT,0.3542117024369978
BAJFINANCE,EICHERMOT,-0.30231692444827557
BEL,EICHERMOT,0.9353745345712253
BHARTIARTL,EICHERMOT,0.8958394973710562
BPCL,EICHERMOT,0.8006238975175154
BRITANNIA,EICHERMOT,0.7882232342959902
CIPLA,EICHERMOT,0.7858869747723369
COALINDIA,EICHERMOT,0.8271532292799475
DRREDDY,EICHERMOT,0.7126117653991091
EICHERMOT,EICHERMOT,1.0
GRASIM,EICHERMOT,0.9205843074951612
HCLTECH,EICHERMOT,0.5171006075981608
HDFCBANK,EICHERMOT,0.6053432262430083
HDFCLIFE,EICHERMOT,0.3685140309068231
HEROMOTOCO,EICHERMOT,0.8473018750203507
HINDALCO,EICHERMOT,0.9216140633084903
HINDUNILVR,EICHERMOT,0.4089356369603289
ICICIBANK,EICHERMOT,0.8974914881812669
INDUSINDBK,EICHERMOT,-0.4551003938050433
INFY,EICHERMOT,0.5775181706527508
ITC,EICHERMOT,0.5447444757982116
JSWSTEEL,EICHERMOT,0.900316301932768
KOTAKBANK,EICHERMOT,0.09698918152402082
LT,EICHERMOT,0.6485908424445483
M&M,EICHERMOT,0.9324235003404737
MARUTI,EICHERMOT,0.7625024700456133
NESTLEIND,EICHERMOT,0.10498553481019117
NTPC,EICHERMOT,0.8805307688221015
ONGC,EICHERMOT,0.7703437544365169
POWERGRID,EICHERMOT,0.9110303741128192
RELIANCE,EICHERMOT,0.5983262458976661
SBILIFE,EICHERMOT,0.690785760298503
SBIN,EICHERMOT,0.8679226005799705
SHRIRAMFIN,EICHERMOT,0.819345072536285
SUNPHARMA,EICHERMOT,0.7775502741152854
TATACONSUM,EICHERMOT,0.48871497097572003
TATAMOTORS,EICHERMOT,0.6755282595073713
TATASTEEL,EICHERMOT,0.7633912681769204
TCS,EICHERMOT,0.670131039221203
TECHM,EICHERMOT,0.7666450389873344
TITAN,EICHERMOT,-0.1123145988021798
TRENT,EICHERMOT,0.8647146332789252
ULTRACEMCO,EICHERMOT,0.8443603716387503
WIPRO,EICHERMOT,0.6635695904186338
ADANIENT,GRASIM,0.5074928275039853
ADANIPORTS,GRASIM,0.8594286475832318
APOLLOHOSP,GRASIM,0.8073654457618804
ASIANPAINT,GRASIM,-0.12808845695884175
AXISBANK,GRASIM,0.848108109216943
BAJAJ-AUTO,GRASIM,0.9023197997657907
BAJAJFINSV,GRASIM,0.4335131155763095
BAJFINANCE,GRASIM,-0.28639722472615436
BEL,GRASIM,0.945538797458558
BHARTIARTL,GRASIM,0.9422735363056381
BPCL,GRASIM,0.8454598464269074
BRITANNIA,GRASIM,0.8711755811698279
CIPLA,GRASIM,0.8698375087196712
COALINDIA,GRASIM,0.863658904535847
DRREDDY,GRASIM,0.8599526528480718
EICHERMOT,GRASIM,0.9205843074951612
GRASIM,GRASIM,1.0
HCLTECH,GRASIM,0.6661227879363931
HDFCBANK,GRASIM,0.5890559814171563
HDFCLIFE,GRASIM,0.4705457068872143
HEROMOTOCO,GRASIM,0.8838639817914128
HINDALCO,GRASIM,0.8992215597878827
HINDUNILVR,GRASIM,0.5134875668285139
ICICIBANK,GRASIM,0.9559139017022833
INDUSINDBK,GRASIM,-0.4491655031726769
INFY,GRASIM,0.7417125315003447
ITC,GRASIM,0.6119813055644714
JSWSTEEL,GRASIM,0.9041232193034352
KOTAKBANK,GRASIM,0.19974341048049304
LT,GRASIM,0.6768049411750984
M&M,GRASIM,0.9449444463922394
MARUTI,GRASIM,0.7583447781781976
NESTLEIND,GRASIM,0.18371185219558017
NTPC,GRASIM,0.9265100698290529
ONGC,GRASIM,0.8496228139848898
POWERGRID,GRASIM,0.9460821658754356
RELIANCE,GRASIM,0.6756042712675256
SBILIFE,GRASIM,0.8131899732948835
SBIN,GRASIM,0.8745648958657154
SHRIRAMFIN,GRASIM,0.9157798238757417
SUNPHARMA,GRASIM,0.8740528737385187
TATACONSUM,GRASIM,0.6029983091316484
TATAMOTORS,GRASIM,0.736398360294084
TATASTEEL,GRASIM,0.7196754227943556
TCS,GRASIM,0.7959759306399204
TECHM,GRASIM,0.857916563675776
TITAN,GRASIM,-0.03324247840984509
TRENT,GRASIM,0.924735867760816
ULTRACEMCO,GRASIM,0.9209979502685648
WIPRO,GRASIM,0.7955647326872286
ADANIENT,HCLTECH,0.4408688645773887
ADANIPORTS,HCLTECH,0.6288886163486811
APOLLOHOSP,HCLTECH,0.9126445748345052
ASIANPAINT,HCLTECH,-0.08411532370847688
AXISBANK,HCLTECH,0.4531070592083128
BAJAJ-AUTO,HCLTECH,0.7519698831343541
BAJAJFINSV,HCLTECH,0.5676129040280311
BAJFINANCE,HCLTECH,-0.3455066846515056
BEL,HCLTECH,0.5661250850849454
BHARTIARTL,HCLTECH,0.74588944176389
BPCL,HCLTECH,0.708192110247032
BRITANNIA,HCLTECH,0.6702676348039412
CIPLA,HCLTECH,0.7692627870828629
COALINDIA,HCLTECH,0.5988017833872471
DRREDDY,HCLTECH,0.7660183860143424
EICHERMOT,HCLTECH,0.5171006075981608
GRASIM,HCLTECH,0.6661227879363931
HCLTECH,HCLTECH,1.0
HDFCBANK,HCLTECH,0.44817248544064514
HDFCLIFE,HCLTECH,0.6054803355367145
HEROMOTOCO,HCLTECH,0.6392404362877919
HINDALCO,HCLTECH,0.5549331718336875
HINDUNILVR,HCLTECH,0.43568857119406273
ICICIBANK,HCLTECH,0.7440211813762342
INDUSINDBK,HCLTECH,-0.47836839149226623
INFY,HCLTECH,0.9118857453784425
ITC,HCLTECH,0.5575282197442144
JSWSTEEL,HCLTECH,0.6851424902878577
KOTAKBANK,HCLTECH,0.32415733863606755
LT,HCLTECH,0.5809595749070825
M&M,HCLTECH,0.6100783176093911
MARUTI,HCLTECH,0.30695468607703613
NESTLEIND,HCLTECH,0.07913373418765461
NTPC,HCLTECH,0.7586759974874352
ONGC,HCLTECH,0.6148101234323806
POWERGRID,HCLTECH,0.6500005380682091
RELIANCE,HCLTECH,0.44416126660736166
SBILIFE,HCLTECH,0.7870222318712706
SBIN,HCLTECH,0.5373729597930113
SHRIRAMFIN,HCLTECH,0.815199630421205
SUNPHARMA,HCLTECH,0.8720107185190515
TATACONSUM,HCLTECH,0.5442796171298044
TATAMOTORS,HCLTECH,0.48610564786324506
TATASTEEL,HCLTECH,0.2539231267001722
TCS,HCLTECH,0.8265954227603358
TECHM,HCLTECH,0.8523735255402409
TITAN,HCLTECH,0.3055848748380859
TRENT,HCLTECH,0.7966566381450603
ULTRACEMCO,HCLTECH,0.7288889492724342
WIPRO,HCLTECH,0.8983240415303861
ADANIENT,HDFCBANK,0.04573227368375073
ADANIPORTS,HDFCBANK,0.3160199287725015
APOLLOHOSP,HDFCBANK,0.4292883999013736
ASIANPAINT,HDFCBANK,0.29862314231075626
AXISBANK,HDFCBANK,0.6346575695904082
BAJAJ-AUTO,HDFCBANK,0.45388629097481276
BAJAJFINSV,HDFCBANK,0.5797138593197866
BAJFINANCE,HDFCBANK,0.25085122522487596
BEL,HDFCBANK,0.5384974378627065
BHARTIARTL,HDFCBANK,0.5870431584835505
BPCL,HDFCBANK,0.25346797979478525
BRITANNIA,HDFCBANK,0.6498418396053551
CIPLA,HDFCBANK,0.35531474743165486
COALINDIA,HDFCBANK,0.2666414070628423
DRREDDY,HDFCBANK,0.3752000021013021
EICHERMOT,HDFCBANK,0.6053432262430083
GRASIM,HDFCBANK,0.5890559814171563
HCLTECH,HDFCBANK,0.44817248544064514
HDFCBANK,HDFCBANK,1.0
HDFCLIFE,HDFCBANK,0.6816587768311669
HEROMOTOCO,HDFCBANK,0.4020287763766606
HINDALCO,HDFCBANK,0.6182079803921141
HINDUNILVR,HDFCBANK,0.6281532860118972
ICICIBANK,HDFCBANK,0.617597244166058
INDUSINDBK,HDFCBANK,-0.4045517614070721
INFY,HDFCBANK,0.5376334994732904
ITC,HDFCBANK,0.7168686775987181
JSWSTEEL,HDFCBANK,0.7194891821823641
KOTAKBANK,HDFCBANK,0.537957929156754
LT,HDFCBANK,0.33849254714306476
M&M,HDFCBANK,0.6225297924983523
MARUTI,HDFCBANK,0.14532020285216568
NESTLEIND,HDFCBANK,-0.02109349242211097
NTPC,HDFCBANK,0.5042831391286814
ONGC,HDFCBANK,0.19802880304227308
POWERGRID,HDFCBANK,0.4368425898529638
RELIANCE,HDFCBANK,0.030631056877320786
SBILIFE,HDFCBANK,0.5331631968194699
SBIN,HDFCBANK,0.3204877022798157
SHRIRAMFIN,HDFCBANK,0.6059232400775004
SUNPHARMA,HDFCBANK,0.43807582693111174
TATACONSUM,HDFCBANK,0.030812043570165853
TATAMOTORS,HDFCBANK,0.061323944167343464
TATASTEEL,HDFCBANK,0.19954347006350565
TCS,HDFCBANK,0.3341259074432642
TECHM,HDFCBANK,0.6913463914371956
TITAN,HDFCBANK,-0.09577124192898168
TRENT,HDFCBANK,0.6157998718331973
ULTRACEMCO,HDFCBANK,0.6522751128755833
WIPRO,HDFCBANK,0.44420189287801054
ADANIENT,HDFCLIFE,-0.12985153484457507
ADANIPORTS,HDFCLIFE,0.16977005087356914
APOLLOHOSP,HDFCLIFE,0.48368944949026627
ASIANPAINT,HDFCLIFE,0.38391511712578774
AXISBANK,HDFCLIFE,0.2583527308869318
BAJAJ-AUTO,HDFCLIFE,0.3839159562842059
BAJAJFINSV,HDFCLIFE,0.6983518846978485
BAJFINANCE,HDFCLIFE,0.1541584391299791
BEL,HDFCLIFE,0.3001184469078578
BHARTIARTL,HDFCLIFE,0.49145363372175443
BPCL,HDFCLIFE,0.2584400910477704
BRITANNIA,HDFCLIFE,0.5806116002052476
CIPLA,HDFCLIFE,0.36324603236274405
COALINDIA,HDFCLIFE,0.20102205440710424
DRREDDY,HDFCLIFE,0.5052613744997722
EICHERMOT,HDFCLIFE,0.3685140309068231
GRASIM,HDFCLIFE,0.4705457068872143
HCLTECH,HDFCLIFE,0.6054803355367145
HDFCBANK,HDFCLIFE,0.6816587768311669
HDFCLIFE,HDFCLIFE,1.0
HEROMOTOCO,HDFCLIFE,0.22770793067478956
HINDALCO,HDFCLIFE,0.33553141621419275
HINDUNILVR,HDFCLIFE,0.7256994690213114
ICICIBANK,HDFCLIFE,0.4821960725919297
INDUSINDBK,HDFCLIFE,-0.440421083755829
INFY,HDFCLIFE,0.7114276057045856
ITC,HDFCLIFE,0.8303696707284182
JSWSTEEL,HDFCLIFE,0.4980231040754618
KOTAKBANK,HDFCLIFE,0.5018640628913108
LT,HDFCLIFE,0.17570240173760784
M&M,HDFCLIFE,0.42623943506830647
MARUTI,HDFCLIFE,0.07554323130119173
NESTLEIND,HDFCLIFE,-0.09331140303777485
NTPC,HDFCLIFE,0.4145099043260335
ONGC,HDFCLIFE,0.2388374951274409
POWERGRID,HDFCLIFE,0.28813908910791836
RELIANCE,HDFCLIFE,-0.08434734684907604
SBILIFE,HDFCLIFE,0.7444828851037567
SBIN,HDFCLIFE,0.11354798583750797
SHRIRAMFIN,HDFCLIFE,0.5863479673794694
SUNPHARMA,HDFCLIFE,0.5160443956008752
TATACONSUM,HDFCLIFE,0.07226640824209069
TATAMOTORS,HDFCLIFE,0.0619709266898186
TATASTEEL,HDFCLIFE,-0.1353732199642396
TCS,HDFCLIFE,0.4682493053579161
TECHM,HDFCLIFE,0.688322765123988
TITAN,HDFCLIFE,0.05108943059345073
TRENT,HDFCLIFE,0.5865302309986453
ULTRACEMCO,HDFCLIFE,0.4760963021296457
WIPRO,HDFCLIFE,0.388382053063683
ADANIENT,HEROMOTOCO,0.7228603819141262
ADANIPORTS,HEROMOTOCO,0.9271672554172784
APOLLOHOSP,HEROMOTOCO,0.8130798084505919
ASIANPAINT,HEROMOTOCO,-0.1341356134459764
AXISBANK,HEROMOTOCO,0.836953151679815
BAJAJ-AUTO,HEROMOTOCO,0.9312820812427159
BAJAJFINSV,HEROMOTOCO,0.34449271551526567
BAJFINANCE,HEROMOTOCO,-0.37501311855488684
BEL,HEROMOTOCO,0.9002833073319129
BHARTIARTL,HEROMOTOCO,0.8779669853464402
BPCL,HEROMOTOCO,0.9034932543164943
BRITANNIA,HEROMOTOCO,0.8370226493994457
CIPLA,HEROMOTOCO,0.9165668461448807
COALINDIA,HEROMOTOCO,0.9298012624715303
DRREDDY,HEROMOTOCO,0.7988831800086043
EICHERMOT,HEROMOTOCO,0.8473018750203507
GRASIM,HEROMOTOCO,0.8838639817914128
HCLTECH,HEROMOTOCO,0.6392404362877919
HDFCBANK,HEROMOTOCO,0.4020287763766606
HDFCLIFE,HEROMOTOCO,0.22770793067478956
HEROMOTOCO,HEROMOTOCO,1.0
HINDALCO,HEROMOTOCO,0.8666087329906587
HINDUNILVR,HEROMOTOCO,0.4183236651744805
ICICIBANK,HEROMOTOCO,0.8553309990762552
INDUSINDBK,HEROMOTOCO,-0.2066086988322835
INFY,HEROMOTOCO,0.6629609203127906
ITC,HEROMOTOCO,0.42871883252801046
JSWSTEEL,HEROMOTOCO,0.8238983930239027
KOTAKBANK,HEROMOTOCO,0.18506711291352507
LT,HEROMOTOCO,0.7706718318139048
M&M,HEROMOTOCO,0.8662771642746233
MARUTI,HEROMOTOCO,0.7593881467509813
NESTLEIND,HEROMOTOCO,0.38346275173422784
NTPC,HEROMOTOCO,0.9131639970389138
ONGC,HEROMOTOCO,0.8634405341511744
POWERGRID,HEROMOTOCO,0.9388141784069186
RELIANCE,HEROMOTOCO,0.8277319048885773
SBILIFE,HEROMOTOCO,0.7328636724577433
SBIN,HEROMOTOCO,0.8659724586725921
SHRIRAMFIN,HEROMOTOCO,0.8520395819200177
SUNPHARMA,HEROMOTOCO,0.8320845241850472
TATACONSUM,HEROMOTOCO,0.7773155652448164
TATAMOTORS,HEROMOTOCO,0.8286698554229295
TATASTEEL,HEROMOTOCO,0.8064888278881904
TCS,HEROMOTOCO,0.7969151807093467
TECHM,HEROMOTOCO,0.7331931253767824
TITAN,HEROMOTOCO,0.20030044573471628
TRENT,HEROMOTOCO,0.8424140919102602
ULTRACEMCO,HEROMOTOCO,0.9017787325646145
WIPRO,HEROMOTOCO,0.7897816944440469
ADANIENT,HINDALCO,0.5385127277834093
ADANIPORTS,HINDALCO,0.8040264353346854
APOLLOHOSP,HINDALCO,0.7215007819635237
ASIANPAINT,HINDALCO,-0.08313927013669302
AXISBANK,HINDALCO,0.8346635212278638
BAJAJ-AUTO,HINDALCO,0.8687573412579457
BAJAJFINSV,HINDALCO,0.4471220549167794
BAJFINANCE,HINDALCO,-0.20177465599200073
BEL,HINDALCO,0.9045854616143041
BHARTIARTL,HINDALCO,0.9070022380493924
BPCL,HINDALCO,0.7754890903860582
BRITANNIA,HINDALCO,0.8357784094257437
CIPLA,HINDALCO,0.782665265231485
COALINDIA,HINDALCO,0.8140894881481952
DRREDDY,HINDALCO,0.6766917084260289
EICHERMOT,HINDALCO,0.9216140633084903
GRASIM,HINDALCO,0.8992215597878827
HCLTECH,HINDALCO,0.5549331718336875
HDFCBANK,HINDALCO,0.6182079803921141
HDFCLIFE,HINDALCO,0.33553141621419275
HEROMOTOCO,HINDALCO,0.8666087329906587
HINDALCO,HINDALCO,1.0
HINDUNILVR,HINDALCO,0.43434416600391756
ICICIBANK,HINDALCO,0.8737233322851976
INDUSINDBK,HINDALCO,-0.35530326084540503
INFY,HINDALCO,0.5938374366347333
ITC,HINDALCO,0.5580629755925699
JSWSTEEL,HINDALCO,0.9378463040036683
KOTAKBANK,HINDALCO,0.22582244145820596
LT,HINDALCO,0.6743724983227684
M&M,HINDALCO,0.9074172994223657
MARUTI,HINDALCO,0.7083235127732217
NESTLEIND,HINDALCO,0.18553879736250004
NTPC,HINDALCO,0.8905200223872586
ONGC,HINDALCO,0.7237903318421088
POWERGRID,HINDALCO,0.8776407116189988
RELIANCE,HINDALCO,0.6042861090888997
SBILIFE,HINDALCO,0.6622374746061884
SBIN,HINDALCO,0.809466045410505
SHRIRAMFIN,HINDALCO,0.8387389108143691
SUNPHARMA,HINDALCO,0.7779669578032014
TATACONSUM,HINDALCO,0.5210391571968552
TATAMOTORS,HINDALCO,0.6384707621914018
TATASTEEL,HINDALCO,0.774772774068913
TCS,HINDALCO,0.6393247444872309
TECHM,HINDALCO,0.7714676997757501
TITAN,HINDALCO,-0.011418768015879373
TRENT,HINDALCO,0.8711780424794258
ULTRACEMCO,HINDALCO,0.8530771774072109
WIPRO,HINDALCO,0.6788499537336998
ADANIENT,HINDUNILVR,-0.02399132308387946
ADANIPORTS,HINDUNILVR,0.23891256968336938
APOLLOHOSP,HINDUNILVR,0.38817311016089434
ASIANPAINT,HINDUNILVR,0.6097370648344221
AXISBANK,HINDUNILVR,0.4743299961213247
BAJAJ-AUTO,HINDUNILVR,0.42400671543971247
BAJAJFINSV,HINDUNILVR,0.6436582450825926
BAJFINANCE,HINDUNILVR,0.2799554326981179
BEL,HINDUNILVR,0.3823449350574844
BHARTIARTL,HINDUNILVR,0.4897885077361528
BPCL,HINDUNILVR,0.26608664918770186
BRITANNIA,HINDUNILVR,0.7790827113362202
CIPLA,HINDUNILVR,0.41327882909827135
COALINDIA,HINDUNILVR,0.3123932130230348
DRREDDY,HINDUNILVR,0.5028090395442983
EICHERMOT,HINDUNILVR,0.4089356369603289
GRASIM,HINDUNILVR,0.5134875668285139
HCLTECH,HINDUNILVR,0.43568857119406273
HDFCBANK,HINDUNILVR,0.6281532860118972
HDFCLIFE,HINDUNILVR,0.7256994690213114
HEROMOTOCO,HINDUNILVR,0.4183236651744805
HINDALCO,HINDUNILVR,0.43434416600391756
HINDUNILVR,HINDUNILVR,1.0
ICICIBANK,HINDUNILVR,0.44253921496050164
INDUSINDBK,HINDUNILVR,-0.1392556544205748
INFY,HINDUNILVR,0.7002113666818097
ITC,HINDUNILVR,0.8607102631258964
JSWSTEEL,HINDUNILVR,0.4917832361694304
KOTAKBANK,HINDUNILVR,0.5757596647076644
LT,HINDUNILVR,0.14653055001397966
M&M,HINDUNILVR,0.48834835140676897
MARUTI,HINDUNILVR,0.1432216374121779
NESTLEIND,HINDUNILVR,0.23218142791125568
NTPC,HINDUNILVR,0.41818005006724196
ONGC,HINDUNILVR,0.3009792299619309
POWERGRID,HINDUNILVR,0.36976008240024866
RELIANCE,HINDUNILVR,0.0867100692275051
SBILIFE,HINDUNILVR,0.7365006458602009
SBIN,HINDUNILVR,0.13546922759067664
SHRIRAMFIN,HINDUNILVR,0.5943180831424951
SUNPHARMA,HINDUNILVR,0.4106435321907312
TATACONSUM,HINDUNILVR,0.28525315837966125
TATAMOTORS,HINDUNILVR,0.1374446686534375
TATASTEEL,HINDUNILVR,-0.006037981001390508
TCS,HINDUNILVR,0.48189649279963015
TECHM,HINDUNILVR,0.6312787411987372
TITAN,HINDUNILVR,0.0926488120658713
TRENT,HINDUNILVR,0.5583737891565362
ULTRACEMCO,HINDUNILVR,0.5859024184725896
WIPRO,HINDUNILVR,0.3346765289008447
ADANIENT,ICICIBANK,0.4963290230604022
ADANIPORTS,ICICIBANK,0.8319205961236251
APOLLOHOSP,ICICIBANK,0.853108332428153
ASIANPAINT,ICICIBANK,-0.21148834206597314
AXISBANK,ICICIBANK,0.8196406924090632
BAJAJ-AUTO,ICICIBANK,0.9202960361470749
BAJAJFINSV,ICICIBANK,0.4891618807668737
BAJFINANCE,ICICIBANK,-0.3025481155145743
BEL,ICICIBANK,0.908998699348819
BHARTIARTL,ICICIBANK,0.9666736260257272
BPCL,ICICIBANK,0.8376099584295195
BRITANNIA,ICICIBANK,0.8226258071369478
CIPLA,ICICIBANK,0.8752183518876937
COALINDIA,ICICIBANK,0.8088457563649177
DRREDDY,ICICIBANK,0.8110257955643366
EICHERMOT,ICICIBANK,0.8974914881812669
GRASIM,ICICIBANK,0.9559139017022833
HCLTECH,ICICIBANK,0.7440211813762342
HDFCBANK,ICICIBANK,0.617597244166058
HDFCLIFE,ICICIBANK,0.4821960725919297
HEROMOTOCO,ICICIBANK,0.8553309990762552
HINDALCO,ICICIBANK,0.8737233322851976
HINDUNILVR,ICICIBANK,0.44253921496050164
ICICIBANK,ICICIBANK,1.0
INDUSINDBK,ICICIBANK,-0.559799197729387
INFY,ICICIBANK,0.7528906352932675
ITC,ICICIBANK,0.5884755710458882
JSWSTEEL,ICICIBANK,0.9216764780528722
KOTAKBANK,ICICIBANK,0.1700052951970691
LT,ICICIBANK,0.6891925528306643
M&M,ICICIBANK,0.9354174104653991
MARUTI,ICICIBANK,0.7039146224929248
NESTLEIND,ICICIBANK,0.09532253395005537
NTPC,ICICIBANK,0.9295714640409861
ONGC,ICICIBANK,0.7886995887806134
POWERGRID,ICICIBANK,0.9260414623446445
RELIANCE,ICICIBANK,0.6118056082897688
SBILIFE,ICICIBANK,0.7937869415026826
SBIN,ICICIBANK,0.8668541885159343
SHRIRAMFIN,ICICIBANK,0.9338218475420186
SUNPHARMA,ICICIBANK,0.916250199436999
TATACONSUM,ICICIBANK,0.5366597396892323
TATAMOTORS,ICICIBANK,0.6664116727122396
TATASTEEL,ICICIBANK,0.6724812433575389
TCS,ICICIBANK,0.7815045627178948
TECHM,ICICIBANK,0.8865077769639172
TITAN,ICICIBANK,-0.03034473026233153
TRENT,ICICIBANK,0.9477485769721367
ULTRACEMCO,ICICIBANK,0.8852319712858072
WIPRO,ICICIBANK,0.8457957703603988
ADANIENT,INDUSINDBK,0.14129111498615243
ADANIPORTS,INDUSINDBK,-0.19563512343073827
APOLLOHOSP,INDUSINDBK,-0.44742545699775993
ASIANPAINT,INDUSINDBK,0.4419908719317089
AXISBANK,INDUSINDBK,-0.20532370062711805
BAJAJ-AUTO,INDUSINDBK,-0.34810910601193923
BAJAJFINSV,INDUSINDBK,-0.1549091786277135
BAJFINANCE,INDUSINDBK,0.2907515630587164
BEL,INDUSINDBK,-0.41528787938178446
BHARTIARTL,INDUSINDBK,-0.5417832803750185
BPCL,INDUSINDBK,-0.28062506754862504
BRITANNIA,INDUSINDBK,-0.28085456733565417
CIPLA,INDUSINDBK,-0.35030909717164516
COALINDIA,INDUSINDBK,-0.1913422531559499
DRREDDY,INDUSINDBK,-0.325339461585683
EICHERMOT,INDUSINDBK,-0.4551003938050433
GRASIM,INDUSINDBK,-0.4491655031726769
HCLTECH,INDUSINDBK,-0.47836839149226623
HDFCBANK,INDUSINDBK,-0.4045517614070721
HDFCLIFE,INDUSINDBK,-0.440421083755829
HEROMOTOCO,INDUSINDBK,-0.2066086988322835
HINDALCO,INDUSINDBK,-0.35530326084540503
HINDUNILVR,INDUSINDBK,-0.1392556544205748
ICICIBANK,INDUSINDBK,-0.559799197729387
INDUSINDBK,INDUSINDBK,1.0
INFY,INDUSINDBK,-0.463750061114759
ITC,INDUSINDBK,-0.35502622044654303
JSWSTEEL,INDUSINDBK,-0.4744066881687477
KOTAKBANK,INDUSINDBK,0.2048477839689136
LT,INDUSINDBK,-0.015783016492585344
M&M,INDUSINDBK,-0.5307393689866777
MARUTI,INDUSINDBK,-0.14643821745805288
NESTLEIND,INDUSINDBK,0.6375490154227769
NTPC,INDUSINDBK,-0.38342146044462516
ONGC,INDUSINDBK,-0.2242506164133955
POWERGRID,INDUSINDBK,-0.39073827845497217
RELIANCE,INDUSINDBK,0.10934094689154171
SBILIFE,INDUSINDBK,-0.3112504999110596
SBIN,INDUSINDBK,-0.3769491144028221
SHRIRAMFIN,INDUSINDBK,-0.4565203872021865
SUNPHARMA,INDUSINDBK,-0.5129218549648471
TATACONSUM,INDUSINDBK,0.189329351493006
TATAMOTORS,INDUSINDBK,-0.007669222760933368
TATASTEEL,INDUSINDBK,-0.06614583924077463
TCS,INDUSINDBK,-0.2891342206850323
TECHM,INDUSINDBK,-0.6373990352190192
TITAN,INDUSINDBK,0.5583375751479689
TRENT,INDUSINDBK,-0.5545163227986419
ULTRACEMCO,INDUSINDBK,-0.31675060276799116
WIPRO,INDUSINDBK,-0.45305274323992967
ADANIENT,INFY,0.3332415225882299
ADANIPORTS,INFY,0.604506540122393
APOLLOHOSP,INFY,0.8431843255969421
ASIANPAINT,INFY,0.1065844166263653
AXISBANK,INFY,0.5402659338539675
BAJAJ-AUTO,INFY,0.7262791198747641
BAJAJFINSV,INFY,0.594744822116824
BAJFINANCE,INFY,-0.22602982832727003
BEL,INFY,0.618484459196653
BHARTIARTL,INFY,0.7658127609616023
BPCL,INFY,0.6668439336676548
BRITANNIA,INFY,0.8089771183280836
CIPLA,INFY,0.7566707734736702
COALINDIA,INFY,0.6145824615001042
DRREDDY,INFY,0.8215543220985179
EICHERMOT,INFY,0.5775181706527508
GRASIM,INFY,0.7417125315003447
HCLTECH,INFY,0.9118857453784425
HDFCBANK,INFY,0.5376334994732904
HDFCLIFE,INFY,0.7114276057045856
HEROMOTOCO,INFY,0.6629609203127906
HINDALCO,INFY,0.5938374366347333
HINDUNILVR,INFY,0.7002113666818097
ICICIBANK,INFY,0.7528906352932675
INDUSINDBK,INFY,-0.463750061114759
INFY,INFY,1.0
ITC,INFY,0.7552828501232116
JSWSTEEL,INFY,0.6989658583587416
KOTAKBANK,INFY,0.4038199321676432
LT,INFY,0.49021832720581626
M&M,INFY,0.676932056430346
MARUTI,INFY,0.3102706725570744
NESTLEIND,INFY,0.08461285180293264
NTPC,INFY,0.75032372312401
ONGC,INFY,0.649910442055893
POWERGRID,INFY,0.6765040933525177
RELIANCE,INFY,0.4075773196736621
SBILIFE,INFY,0.8808159799598362
SBIN,INFY,0.5038172969099308
SHRIRAMFIN,INFY,0.8493512086818669
SUNPHARMA,INFY,0.8255322449634904
TATACONSUM,INFY,0.5413162279657484
TATAMOTORS,INFY,0.4704756541142739
TATASTEEL,INFY,0.2057909586641752
TCS,INFY,0.8641395931323846
TECHM,INFY,0.9206745431751979
TITAN,INFY,0.19259220092601895
TRENT,INFY,0.8236328581512684
ULTRACEMCO,INFY,0.7968390075824362
WIPRO,INFY,0.8281205428803133
ADANIENT,ITC,0.011337919074455804
ADANIPORTS,ITC,0.33437198977433563
APOLLOHOSP,ITC,0.5304592733613418
ASIANPAINT,ITC,0.460887199858151
AXISBANK,ITC,0.4640639935529281
BAJAJ-AUTO,ITC,0.5207861029942773
BAJAJFINSV,ITC,0.7051440272709427
BAJFINANCE,ITC,0.20296057763844746
BEL,ITC,0.47603245574906766
BHARTIARTL,ITC,0.6238805454772713
BPCL,ITC,0.3571697530906565
BRITANNIA,ITC,0.7859894404157872
CIPLA,ITC,0.47380408117577866
COALINDIA,ITC,0.36718372548256806
DRREDDY,ITC,0.5534795122483149
EICHERMOT,ITC,0.5447444757982116
GRASIM,ITC,0.6119813055644714
HCLTECH,ITC,0.5575282197442144
HDFCBANK,ITC,0.7168686775987181
HDFCLIFE,ITC,0.8303696707284182
HEROMOTOCO,ITC,0.42871883252801046
HINDALCO,ITC,0.5580629755925699
HINDUNILVR,ITC,0.8607102631258964
ICICIBANK,ITC,0.5884755710458882
INDUSINDBK,ITC,-0.35502622044654303
INFY,ITC,0.7552828501232116
ITC,ITC,1.0
JSWSTEEL,ITC,0.6254176072898842
KOTAKBANK,ITC,0.4942594080958231
LT,ITC,0.31221697094783374
M&M,ITC,0.5599958311604588
MARUTI,ITC,0.20560694683888317
NESTLEIND,ITC,0.06485692892706109
NTPC,ITC,0.5575550957248303
ONGC,ITC,0.38980913775107023
POWERGRID,ITC,0.45430449930233363
RELIANCE,ITC,0.08241361310631944
SBILIFE,ITC,0.7855468893636517
SBIN,ITC,0.24196533776885717
SHRIRAMFIN,ITC,0.6849811377607861
SUNPHARMA,ITC,0.5622375841286458
TATACONSUM,ITC,0.2737928211206669
TATAMOTORS,ITC,0.20347985965756896
TATASTEEL,ITC,0.046823905804474056
TCS,ITC,0.5630233007863786
TECHM,ITC,0.7562506722177941
TITAN,ITC,0.0869424317242857
TRENT,ITC,0.6705344471464657
ULTRACEMCO,ITC,0.6322360992736168
WIPRO,ITC,0.4210182032033242
ADANIENT,JSWSTEEL,0.5006417648818479
ADANIPORTS,JSWSTEEL,0.7677507799535565
APOLLOHOSP,JSWSTEEL,0.8001061772877035
ASIANPAINT,JSWSTEEL,-0.060194282784913525
AXISBANK,JSWSTEEL,0.8111168615538316
BAJAJ-AUTO,JSWSTEEL,0.8837367037077566
BAJAJFINSV,JSWSTEEL,0.5855299403464774
BAJFINANCE,JSWSTEEL,-0.15567041960741365
BEL,JSWSTEEL,0.873037130774089
BHARTIARTL,JSWSTEEL,0.9268153767578133
BPCL,JSWSTEEL,0.7737565069617379
BRITANNIA,JSWSTEEL,0.8409136154270399
CIPLA,JSWSTEEL,0.8065240068726238
COALINDIA,JSWSTEEL,0.7592022670169496
DRREDDY,JSWSTEEL,0.7131510254659621
EICHERMOT,JSWSTEEL,0.900316301932768
GRASIM,JSWSTEEL,0.9041232193034352
HCLTECH,JSWSTEEL,0.6851424902878577
HDFCBANK,JSWSTEEL,0.7194891821823641
HDFCLIFE,JSWSTEEL,0.4980231040754618
HEROMOTOCO,JSWSTEEL,0.8238983930239027
HINDALCO,JSWSTEEL,0.9378463040036683
HINDUNILVR,JSWSTEEL,0.4917832361694304
ICICIBANK,JSWSTEEL,0.9216764780528722
INDUSINDBK,JSWSTEEL,-0.4744066881687477
INFY,JSWSTEEL,0.6989658583587416
ITC,JSWSTEEL,0.6254176072898842
JSWSTEEL,JSWSTEEL,1.0
KOTAKBANK,JSWSTEEL,0.2936143521641353
LT,JSWSTEEL,0.6706960776804801
M&M,JSWSTEEL,0.9227543814143303
MARUTI,JSWSTEEL,0.6503201169860873
NESTLEIND,JSWSTEEL,0.12769311165997219
NTPC,JSWSTEEL,0.9051880838635096
ONGC,JSWSTEEL,0.6804280387466691
POWERGRID,JSWSTEEL,0.8627540506007727
RELIANCE,JSWSTEEL,0.5181131117067197
SBILIFE,JSWSTEEL,0.7417673373261207
SBIN,JSWSTEEL,0.7826611525357817
SHRIRAMFIN,JSWSTEEL,0.89498242752841
SUNPHARMA,JSWSTEEL,0.8434685238800746
TATACONSUM,JSWSTEEL,0.4517561697302532
TATAMOTORS,JSWSTEEL,0.5640402585843066
TATASTEEL,JSWSTEEL,0.6857167314277863
TCS,JSWSTEEL,0.6864311241262457
TECHM,JSWSTEEL,0.8580266287349628
TITAN,JSWSTEEL,0.02573394576500538
TRENT,JSWSTEEL,0.9222858491624649
ULTRACEMCO,JSWSTEEL,0.8773940650046235
WIPRO,JSWSTEEL,0.7645973765833091
ADANIENT,KOTAKBANK,0.1023112588081328
ADANIPORTS,KOTAKBANK,0.10002673913742773
APOLLOHOSP,KOTAKBANK,0.23473359973329858
ASIANPAINT,KOTAKBANK,0.5755714263989729
AXISBANK,KOTAKBANK,0.27550311697272756
BAJAJ-AUTO,KOTAKBANK,0.17060042012272766
BAJAJFINSV,KOTAKBANK,0.5337604721358078
BAJFINANCE,KOTAKBANK,0.37810312083994263
BEL,KOTAKBANK,0.11377316684344868
BHARTIARTL,KOTAKBANK,0.17006239007046936
BPCL,KOTAKBANK,0.028322937799118448
BRITANNIA,KOTAKBANK,0.44649284138496836
CIPLA,KOTAKBANK,0.10919266566394925
COALINDIA,KOTAKBANK,0.07325351847188093
DRREDDY,KOTAKBANK,0.19722743562434317
EICHERMOT,KOTAKBANK,0.09698918152402082
GRASIM,KOTAKBANK,0.19974341048049304
HCLTECH,KOTAKBANK,0.32415733863606755
HDFCBANK,KOTAKBANK,0.537957929156754
HDFCLIFE,KOTAKBANK,0.5018640628913108
HEROMOTOCO,KOTAKBANK,0.18506711291352507
HINDALCO,KOTAKBANK,0.22582244145820596
HINDUNILVR,KOTAKBANK,0.5757596647076644
ICICIBANK,KOTAKBANK,0.1700052951970691
INDUSINDBK,KOTAKBANK,0.2048477839689136
INFY,KOTAKBANK,0.4038199321676432
ITC,KOTAKBANK,0.4942594080958231
JSWSTEEL,KOTAKBANK,0.2936143521641353
KOTAKBANK,KOTAKBANK,1.0
LT,KOTAKBANK,0.2551748169465946
M&M,KOTAKBANK,0.1385373130971522
MARUTI,KOTAKBANK,-0.09034413130558695
NESTLEIND,KOTAKBANK,0.39787347975127885
NTPC,KOTAKBANK,0.1860220766299399
ONGC,KOTAKBANK,0.03587294175747478
POWERGRID,KOTAKBANK,0.07303820266200917
RELIANCE,KOTAKBANK,0.0743785817501743
SBILIFE,KOTAKBANK,0.3835026176643992
SBIN,KOTAKBANK,-0.09503467046905854
SHRIRAMFIN,KOTAKBANK,0.28480585839282047
SUNPHARMA,KOTAKBANK,0.1412766079576983
TATACONSUM,KOTAKBANK,0.19935437597837175
TATAMOTORS,KOTAKBANK,-0.015144515020629705
TATASTEEL,KOTAKBANK,-0.07561960819498335
TCS,KOTAKBANK,0.21434910695103682
TECHM,KOTAKBANK,0.2987843275239113
TITAN,KOTAKBANK,0.38587830982078763
TRENT,KOTAKBANK,0.20867767091947664
ULTRACEMCO,KOTAKBANK,0.38982707950665785
WIPRO,KOTAKBANK,0.22687650841566553
ADANIENT,LT,0.8111180741500107
ADANIPORTS,LT,0.8548557174619252
APOLLOHOSP,LT,0.7126291241937263
ASIANPAINT,LT,-0.14066942860089085
AXISBANK,LT,0.6532091350511126
BAJAJ-AUTO,LT,0.7462047167275202
BAJAJFINSV,LT,0.2780128763094065
BAJFINANCE,LT,-0.3256357454619304
BEL,LT,0.72918769146228
BHARTIARTL,LT,0.6553018736817962
BPCL,LT,0.7676872661451406
BRITANNIA,LT,0.5843673741076183
CIPLA,LT,0.7358372190365595
COALINDIA,LT,0.7659801748476417
DRREDDY,LT,0.6470024296779816
EICHERMOT,LT,0.6485908424445483
GRASIM,LT,0.6768049411750984
HCLTECH,LT,0.5809595749070825
HDFCBANK,LT,0.33849254714306476
HDFCLIFE,LT,0.17570240173760784
HEROMOTOCO,LT,0.7706718318139048
HINDALCO,LT,0.6743724983227684
HINDUNILVR,LT,0.14653055001397966
ICICIBANK,LT,0.6891925528306643
INDUSINDBK,LT,-0.015783016492585344
INFY,LT,0.49021832720581626
ITC,LT,0.31221697094783374
JSWSTEEL,LT,0.6706960776804801
KOTAKBANK,LT,0.2551748169465946
LT,LT,1.0
M&M,LT,0.6048544976208049
MARUTI,LT,0.6083759903681715
NESTLEIND,LT,0.4358262035310324
NTPC,LT,0.7882074264273221
ONGC,LT,0.7421453113739709
POWERGRID,LT,0.7415447663272842
RELIANCE,LT,0.7914930331269073
SBILIFE,LT,0.5641557883955507
SBIN,LT,0.7408397994804002
SHRIRAMFIN,LT,0.6379931464281874
SUNPHARMA,LT,0.6851343374541592
TATACONSUM,LT,0.7567943194356043
TATAMOTORS,LT,0.7801239713741063
TATASTEEL,LT,0.7122082531888724
TCS,LT,0.701678770486132
TECHM,LT,0.522417786555638
TITAN,LT,0.46255558869158786
TRENT,LT,0.5998171816394743
ULTRACEMCO,LT,0.7460064058207734
WIPRO,LT,0.7045118923924277
ADANIENT,M&M,0.4588021149726256
ADANIPORTS,M&M,0.8029665019931403
APOLLOHOSP,M&M,0.7586097812847473
ASIANPAINT,M&M,-0.2123990361320002
AXISBANK,M&M,0.8222750581850613
BAJAJ-AUTO,M&M,0.893160260669649
BAJAJFINSV,M&M,0.40005282206650167
BAJFINANCE,M&M,-0.25804473607269673
BEL,M&M,0.9493235102769724
BHARTIARTL,M&M,0.9521570138028597
BPCL,M&M,0.799557029990487
BRITANNIA,M&M,0.8303135134175958
CIPLA,M&M,0.8565058494729637
COALINDIA,M&M,0.815949229181412
DRREDDY,M&M,0.7567646215928812
EICHERMOT,M&M,0.9324235003404737
GRASIM,M&M,0.9449444463922394
HCLTECH,M&M,0.6100783176093911
HDFCBANK,M&M,0.6225297924983523
HDFCLIFE,M&M,0.42623943506830647
HEROMOTOCO,M&M,0.8662771642746233
HINDALCO,M&M,0.9074172994223657
HINDUNILVR,M&M,0.48834835140676897
ICICIBANK,M&M,0.9354174104653991
INDUSINDBK,M&M,-0.5307393689866777
INFY,M&M,0.676932056430346
ITC,M&M,0.5599958311604588
JSWSTEEL,M&M,0.9227543814143303
KOTAKBANK,M&M,0.1385373130971522
LT,M&M,0.6048544976208049
M&M,M&M,1.0
MARUTI,M&M,0.751929707809335
NESTLEIND,M&M,0.07430000279635415
NTPC,M&M,0.8924515293828292
ONGC,M&M,0.7624893100232497
POWERGRID,M&M,0.9263690873902295
RELIANCE,M&M,0.5666594928295268
SBILIFE,M&M,0.7320694642308023
SBIN,M&M,0.8618522260172196
SHRIRAMFIN,M&M,0.8942789390193736
SUNPHARMA,M&M,0.8411845969315689
TATACONSUM,M&M,0.47836560784585136
TATAMOTORS,M&M,0.6379888483282928
TATASTEEL,M&M,0.7356198096595415
TCS,M&M,0.6893387378065897
TECHM,M&M,0.8454748036543192
TITAN,M&M,-0.15601362065089389
TRENT,M&M,0.9293316713582459
ULTRACEMCO,M&M,0.8703641152450291
WIPRO,M&M,0.7343464326655786
ADANIENT,MARUTI,0.5767689418147347
ADANIPORTS,MARUTI,0.7835462041180131
APOLLOHOSP,MARUTI,0.5638280917303661
ASIANPAINT,MARUTI,-0.2999570220523297
AXISBANK,MARUTI,0.5965354418542924
BAJAJ-AUTO,MARUTI,0.7936297421997915
BAJAJFINSV,MARUTI,0.20155383621161638
BAJFINANCE,MARUTI,-0.30729597004434245
BEL,MARUTI,0.7707218663280345
BHARTIARTL,MARUTI,0.7261387509485162
BPCL,MARUTI,0.8054268628858747
BRITANNIA,MARUTI,0.5509233625973485
CIPLA,MARUTI,0.7411997592701325
COALINDIA,MARUTI,0.8304489266043448
DRREDDY,MARUTI,0.6645421799923553
EICHERMOT,MARUTI,0.7625024700456133
GRASIM,MARUTI,0.7583447781781976
HCLTECH,MARUTI,0.30695468607703613
HDFCBANK,MARUTI,0.14532020285216568
HDFCLIFE,MARUTI,0.07554323130119173
HEROMOTOCO,MARUTI,0.7593881467509813
HINDALCO,MARUTI,0.7083235127732217
HINDUNILVR,MARUTI,0.1432216374121779
ICICIBANK,MARUTI,0.7039146224929248
INDUSINDBK,MARUTI,-0.14643821745805288
INFY,MARUTI,0.3102706725570744
ITC,MARUTI,0.20560694683888317
JSWSTEEL,MARUTI,0.6503201169860873
KOTAKBANK,MARUTI,-0.09034413130558695
LT,MARUTI,0.6083759903681715
M&M,MARUTI,0.751929707809335
MARUTI,MARUTI,1.0
NESTLEIND,MARUTI,0.31887291840545323
NTPC,MARUTI,0.7528087675812373
ONGC,MARUTI,0.8066520787409186
POWERGRID,MARUTI,0.8155439446063877
RELIANCE,MARUTI,0.7408954948582981
SBILIFE,MARUTI,0.5525874942230846
SBIN,MARUTI,0.8411889879170803
SHRIRAMFIN,MARUTI,0.6422518521264657
SUNPHARMA,MARUTI,0.6824706043024155
TATACONSUM,MARUTI,0.6032096027837185
TATAMOTORS,MARUTI,0.8213185002073983
TATASTEEL,MARUTI,0.8757499450331294
TCS,MARUTI,0.5736627181687831
TECHM,MARUTI,0.42301642632621383
TITAN,MARUTI,0.02074864439685508
TRENT,MARUTI,0.6613796835165415
ULTRACEMCO,MARUTI,0.588169421945283
WIPRO,MARUTI,0.4784991381544625
ADANIENT,NESTLEIND,0.4847274915337341
ADANIPORTS,NESTLEIND,0.3576429156182538
APOLLOHOSP,NESTLEIND,0.16714107749755144
ASIANPAINT,NESTLEIND,0.33244226620191614
AXISBANK,NESTLEIND,0.32696593012073444
BAJAJ-AUTO,NESTLEIND,0.2961107502986452
BAJAJFINSV,NESTLEIND,0.19849974615223884
BAJFINANCE,NESTLEIND,0.026872087615123805
BEL,NESTLEIND,0.15964053054130756
BHARTIARTL,NESTLEIND,0.08306508926841097
BPCL,NESTLEIND,0.2996355089867575
BRITANNIA,NESTLEIND,0.32937487838997376
CIPLA,NESTLEIND,0.2792614731994655
COALINDIA,NESTLEIND,0.3665225076178629
DRREDDY,NESTLEIND,0.2982928119592443
EICHERMOT,NESTLEIND,0.10498553481019117
GRASIM,NESTLEIND,0.18371185219558017
HCLTECH,NESTLEIND,0.07913373418765461
HDFCBANK,NESTLEIND,-0.02109349242211097
HDFCLIFE,NESTLEIND,-0.09331140303777485
HEROMOTOCO,NESTLEIND,0.38346275173422784
HINDALCO,NESTLEIND,0.18553879736250004
HINDUNILVR,NESTLEIND,0.23218142791125568
ICICIBANK,NESTLEIND,0.09532253395005537
INDUSINDBK,NESTLEIND,0.6375490154227769
INFY,NESTLEIND,0.08461285180293264
ITC,NESTLEIND,0.06485692892706109
JSWSTEEL,NESTLEIND,0.12769311165997219
KOTAKBANK,NESTLEIND,0.39787347975127885
LT,NESTLEIND,0.4358262035310324
M&M,NESTLEIND,0.07430000279635415
MARUTI,NESTLEIND,0.31887291840545323
NESTLEIND,NESTLEIND,1.0
NTPC,NESTLEIND,0.2443359633883547
ONGC,NESTLEIND,0.32891149026740857
POWERGRID,NESTLEIND,0.23578024036295614
RELIANCE,NESTLEIND,0.5580563906860222
SBILIFE,NESTLEIND,0.2833019993513947
SBIN,NESTLEIND,0.17641230410288888
SHRIRAMFIN,NESTLEIND,0.16734818592970774
SUNPHARMA,NESTLEIND,0.13454519984091134
TATACONSUM,NESTLEIND,0.6562243232449916
TATAMOTORS,NESTLEIND,0.4676148192049431
TATASTEEL,NESTLEIND,0.3468987882837006
TCS,NESTLEIND,0.28992707260594014
TECHM,NESTLEIND,-0.05840577370627947
TITAN,NESTLEIND,0.6444060503409351
TRENT,NESTLEIND,0.08106292352596647
ULTRACEMCO,NESTLEIND,0.321907047674477
WIPRO,NESTLEIND,0.17582226730353634
ADANIENT,NTPC,0.6845525984649159
ADANIPORTS,NTPC,0.9279439862802641
APOLLOHOSP,NTPC,0.9010427147162114
ASIANPAINT,NTPC,-0.1479441898445513
AXISBANK,NTPC,0.7691170175890273
BAJAJ-AUTO,NTPC,0.956263204703824
BAJAJFINSV,NTPC,0.4597466581521745
BAJFINANCE,NTPC,-0.4001422591022671
BEL,NTPC,0.905960804004115
BHARTIARTL,NTPC,0.940136116427341
BPCL,NTPC,0.9406555136116939
BRITANNIA,NTPC,0.8453961609296242
CIPLA,NTPC,0.9223948194805667
COALINDIA,NTPC,0.9258780759497923
DRREDDY,NTPC,0.871829442714384
EICHERMOT,NTPC,0.8805307688221015
GRASIM,NTPC,0.9265100698290529
HCLTECH,NTPC,0.7586759974874352
HDFCBANK,NTPC,0.5042831391286814
HDFCLIFE,NTPC,0.4145099043260335
HEROMOTOCO,NTPC,0.9131639970389138
HINDALCO,NTPC,0.8905200223872586
HINDUNILVR,NTPC,0.41818005006724196
ICICIBANK,NTPC,0.9295714640409861
INDUSINDBK,NTPC,-0.38342146044462516
INFY,NTPC,0.75032372312401
ITC,NTPC,0.5575550957248303
JSWSTEEL,NTPC,0.9051880838635096
KOTAKBANK,NTPC,0.1860220766299399
LT,NTPC,0.7882074264273221
M&M,NTPC,0.8924515293828292
MARUTI,NTPC,0.7528087675812373
NESTLEIND,NTPC,0.2443359633883547
NTPC,NTPC,1.0
ONGC,NTPC,0.8888295558802178
POWERGRID,NTPC,0.9576338610600486
RELIANCE,NTPC,0.7384171460852934
SBILIFE,NTPC,0.8181314824274603
SBIN,NTPC,0.8836687823003666
SHRIRAMFIN,NTPC,0.9232511547733891
SUNPHARMA,NTPC,0.941432580205046
TATACONSUM,NTPC,0.7161622660905598
TATAMOTORS,NTPC,0.8045039381253933
TATASTEEL,NTPC,0.7395654728945988
TCS,NTPC,0.8454435971212919
TECHM,NTPC,0.827516843676483
TITAN,NTPC,0.164337490976858
TRENT,NTPC,0.9253231727122414
ULTRACEMCO,NTPC,0.901947340557044
WIPRO,NTPC,0.8387021536890278
ADANIENT,ONGC,0.7051512882674956
ADANIPORTS,ONGC,0.9329678142802943
APOLLOHOSP,ONGC,0.7955431027645579
ASIANPAINT,ONGC,-0.2396360929093897
AXISBANK,ONGC,0.6639914410503591
BAJAJ-AUTO,ONGC,0.8504366108603955
BAJAJFINSV,ONGC,0.18256009508606208
BAJFINANCE,ONGC,-0.5316579330588633
BEL,ONGC,0.8506908572894613
BHARTIARTL,ONGC,0.7915371237410318
BPCL,ONGC,0.932728117784019
BRITANNIA,ONGC,0.7102571185904292
CIPLA,ONGC,0.8840161786763105
COALINDIA,ONGC,0.961233550739585
DRREDDY,ONGC,0.9050261171923796
EICHERMOT,ONGC,0.7703437544365169
GRASIM,ONGC,0.8496228139848898
HCLTECH,ONGC,0.6148101234323806
HDFCBANK,ONGC,0.19802880304227308
HDFCLIFE,ONGC,0.2388374951274409
HEROMOTOCO,ONGC,0.8634405341511744
HINDALCO,ONGC,0.7237903318421088
HINDUNILVR,ONGC,0.3009792299619309
ICICIBANK,ONGC,0.7886995887806134
INDUSINDBK,ONGC,-0.2242506164133955
INFY,ONGC,0.649910442055893
ITC,ONGC,0.38980913775107023
JSWSTEEL,ONGC,0.6804280387466691
KOTAKBANK,ONGC,0.03587294175747478
LT,ONGC,0.7421453113739709
M&M,ONGC,0.7624893100232497
MARUTI,ONGC,0.8066520787409186
NESTLEIND,ONGC,0.32891149026740857
NTPC,ONGC,0.8888295558802178
ONGC,ONGC,1.0
POWERGRID,ONGC,0.9184348937663976
RELIANCE,ONGC,0.8746504638950221
SBILIFE,ONGC,0.7458609477639672
SBIN,ONGC,0.8795648621865768
SHRIRAMFIN,ONGC,0.7852791586359691
SUNPHARMA,ONGC,0.8332586847966346
TATACONSUM,ONGC,0.8366560873979235
TATAMOTORS,ONGC,0.9426335434580121
TATASTEEL,ONGC,0.7376868010614449
TCS,ONGC,0.862391476908867
TECHM,ONGC,0.6539117571534396
TITAN,ONGC,0.1583097601719777
TRENT,ONGC,0.7668380621464304
ULTRACEMCO,ONGC,0.797086019302516
WIPRO,ONGC,0.7475494240755226
ADANIENT,POWERGRID,0.6620560055644071
ADANIPORTS,POWERGRID,0.9426155087233016
APOLLOHOSP,POWERGRID,0.8309339088305266
ASIANPAINT,POWERGRID,-0.2661744491163857
AXISBANK,POWERGRID,0.8205244348952103
BAJAJ-AUTO,POWERGRID,0.9318575524547431
BAJAJFINSV,POWERGRID,0.29713319091268997
BAJFINANCE,POWERGRID,-0.454651083981582
BEL,POWERGRID,0.9578636657433829
BHARTIARTL,POWERGRID,0.9221917729902602
BPCL,POWERGRID,0.9346245934103493
BRITANNIA,POWERGRID,0.8022943596862335
CIPLA,POWERGRID,0.9228977175743728
COALINDIA,POWERGRID,0.9492457761513892
DRREDDY,POWERGRID,0.8566775179560204
EICHERMOT,POWERGRID,0.9110303741128192
GRASIM,POWERGRID,0.9460821658754356
HCLTECH,POWERGRID,0.6500005380682091
HDFCBANK,POWERGRID,0.4368425898529638
HDFCLIFE,POWERGRID,0.28813908910791836
HEROMOTOCO,POWERGRID,0.9388141784069186
HINDALCO,POWERGRID,0.8776407116189988
HINDUNILVR,POWERGRID,0.36976008240024866
ICICIBANK,POWERGRID,0.9260414623446445
INDUSINDBK,POWERGRID,-0.39073827845497217
INFY,POWERGRID,0.6765040933525177
ITC,POWERGRID,0.45430449930233363
JSWSTEEL,POWERGRID,0.8627540506007727
KOTAKBANK,POWERGRID,0.07303820266200917
LT,POWERGRID,0.7415447663272842
M&M,POWERGRID,0.9263690873902295
MARUTI,POWERGRID,0.8155439446063877
NESTLEIND,POWERGRID,0.23578024036295614
NTPC,POWERGRID,0.9576338610600486
ONGC,POWERGRID,0.9184348937663976
POWERGRID,POWERGRID,1.0
RELIANCE,POWERGRID,0.7897714318796284
SBILIFE,POWERGRID,0.7512487373671387
SBIN,POWERGRID,0.9445688061001986
SHRIRAMFIN,POWERGRID,0.8805930209474816
SUNPHARMA,POWERGRID,0.8877417420758662
TATACONSUM,POWERGRID,0.7044875316304969
TATAMOTORS,POWERGRID,0.8398720024175511
TATASTEEL,POWERGRID,0.8100278748845078
TCS,POWERGRID,0.8115472047293285
TECHM,POWERGRID,0.7797374343087631
TITAN,POWERGRID,0.025013455621554475
TRENT,POWERGRID,0.889679403287259
ULTRACEMCO,POWERGRID,0.8964486588136376
WIPRO,POWERGRID,0.8083812606945104
ADANIENT,RELIANCE,0.8489278671265768
ADANIPORTS,RELIANCE,0.8997935097255916
APOLLOHOSP,RELIANCE,0.6453859262206428
ASIANPAINT,RELIANCE,-0.2214555167811041
AXISBANK,RELIANCE,0.6498504076605374
BAJAJ-AUTO,RELIANCE,0.7283594692031438
BAJAJFINSV,RELIANCE,0.04237528158189359
BAJFINANCE,RELIANCE,-0.4733314905261744
BEL,RELIANCE,0.7234721921207029
BHARTIARTL,RELIANCE,0.5863837999359113
BPCL,RELIANCE,0.8329487788637852
BRITANNIA,RELIANCE,0.5388300287104161
CIPLA,RELIANCE,0.7552216765754473
COALINDIA,RELIANCE,0.8810091190165285
DRREDDY,RELIANCE,0.7285782413993964
EICHERMOT,RELIANCE,0.5983262458976661
GRASIM,RELIANCE,0.6756042712675256
HCLTECH,RELIANCE,0.44416126660736166
HDFCBANK,RELIANCE,0.030631056877320786
HDFCLIFE,RELIANCE,-0.08434734684907604
HEROMOTOCO,RELIANCE,0.8277319048885773
HINDALCO,RELIANCE,0.6042861090888997
HINDUNILVR,RELIANCE,0.0867100692275051
ICICIBANK,RELIANCE,0.6118056082897688
INDUSINDBK,RELIANCE,0.10934094689154171
INFY,RELIANCE,0.4075773196736621
ITC,RELIANCE,0.08241361310631944
JSWSTEEL,RELIANCE,0.5181131117067197
KOTAKBANK,RELIANCE,0.0743785817501743
LT,RELIANCE,0.7914930331269073
M&M,RELIANCE,0.5666594928295268
MARUTI,RELIANCE,0.7408954948582981
NESTLEIND,RELIANCE,0.5580563906860222
NTPC,RELIANCE,0.7384171460852934
ONGC,RELIANCE,0.8746504638950221
POWERGRID,RELIANCE,0.7897714318796284
RELIANCE,RELIANCE,1.0
SBILIFE,RELIANCE,0.5164301644055477
SBIN,RELIANCE,0.8012271328803091
SHRIRAMFIN,RELIANCE,0.5858166570182545
SUNPHARMA,RELIANCE,0.6321561628664761
TATACONSUM,RELIANCE,0.8894671961519659
TATAMOTORS,RELIANCE,0.9373363745300991
TATASTEEL,RELIANCE,0.8026087087647188
TCS,RELIANCE,0.7192362664568762
TECHM,RELIANCE,0.39064789708763925
TITAN,RELIANCE,0.3575077047101702
TRENT,RELIANCE,0.5352675840749083
ULTRACEMCO,RELIANCE,0.6900786297282306
WIPRO,RELIANCE,0.6669127882304183
ADANIENT,SBILIFE,0.3790758475204993
ADANIPORTS,SBILIFE,0.6817089191883016
APOLLOHOSP,SBILIFE,0.8172978740710024
ASIANPAINT,SBILIFE,0.20665509627145462
AXISBANK,SBILIFE,0.6008547907020817
BAJAJ-AUTO,SBILIFE,0.8218330589818943
BAJAJFINSV,SBILIFE,0.6890485331130339
BAJFINANCE,SBILIFE,-0.15412335651275214
BEL,SBILIFE,0.6824440186629075
BHARTIARTL,SBILIFE,0.8109115916316884
BPCL,SBILIFE,0.763766911530911
BRITANNIA,SBILIFE,0.8617555054346338
CIPLA,SBILIFE,0.8175313216558424
COALINDIA,SBILIFE,0.7279512778129272
DRREDDY,SBILIFE,0.8702473503838031
EICHERMOT,SBILIFE,0.690785760298503
GRASIM,SBILIFE,0.8131899732948835
HCLTECH,SBILIFE,0.7870222318712706
HDFCBANK,SBILIFE,0.5331631968194699
HDFCLIFE,SBILIFE,0.7444828851037567
HEROMOTOCO,SBILIFE,0.7328636724577433
HINDALCO,SBILIFE,0.6622374746061884
HINDUNILVR,SBILIFE,0.7365006458602009
ICICIBANK,SBILIFE,0.7937869415026826
INDUSINDBK,SBILIFE,-0.3112504999110596
INFY,SBILIFE,0.8808159799598362
ITC,SBILIFE,0.7855468893636517
JSWSTEEL,SBILIFE,0.7417673373261207
KOTAKBANK,SBILIFE,0.3835026176643992
LT,SBILIFE,0.5641557883955507
M&M,SBILIFE,0.7320694642308023
MARUTI,SBILIFE,0.5525874942230846
NESTLEIND,SBILIFE,0.2833019993513947
NTPC,SBILIFE,0.8181314824274603
ONGC,SBILIFE,0.7458609477639672
POWERGRID,SBILIFE,0.7512487373671387
RELIANCE,SBILIFE,0.5164301644055477
SBILIFE,SBILIFE,1.0
SBIN,SBILIFE,0.5816821267528913
SHRIRAMFIN,SBILIFE,0.8962838238808772
SUNPHARMA,SBILIFE,0.8560649148771162
TATACONSUM,SBILIFE,0.6359849782741469
TATAMOTORS,SBILIFE,0.623171012967671
TATASTEEL,SBILIFE,0.36466260112737725
TCS,SBILIFE,0.8597760139941667
TECHM,SBILIFE,0.8329561451565778
TITAN,SBILIFE,0.2686933062619983
TRENT,SBILIFE,0.8645973422528975
ULTRACEMCO,SBILIFE,0.8087781264140437
WIPRO,SBILIFE,0.7176876078009833
ADANIENT,SBIN,0.6998647770666341
ADANIPORTS,SBIN,0.9252606663029468
APOLLOHOSP,SBIN,0.7398849609444057
ASIANPAINT,SBIN,-0.42678954524423957
AXISBANK,SBIN,0.7726752205300433
BAJAJ-AUTO,SBIN,0.8517529073283509
BAJAJFINSV,SBIN,0.1266426061774683
BAJFINANCE,SBIN,-0.5175128093722445
BEL,SBIN,0.9253487096526636
BHARTIARTL,SBIN,0.8320219870883375
BPCL,SBIN,0.8982376168730357
BRITANNIA,SBIN,0.6420530567856527
CIPLA,SBIN,0.8464575122828568
COALINDIA,SBIN,0.9049110478324536
DRREDDY,SBIN,0.7640812073562184
EICHERMOT,SBIN,0.8679226005799705
GRASIM,SBIN,0.8745648958657154
HCLTECH,SBIN,0.5373729597930113
HDFCBANK,SBIN,0.3204877022798157
HDFCLIFE,SBIN,0.11354798583750797
HEROMOTOCO,SBIN,0.8659724586725921
HINDALCO,SBIN,0.809466045410505
HINDUNILVR,SBIN,0.13546922759067664
ICICIBANK,SBIN,0.8668541885159343
INDUSINDBK,SBIN,-0.3769491144028221
INFY,SBIN,0.5038172969099308
ITC,SBIN,0.24196533776885717
JSWSTEEL,SBIN,0.7826611525357817
KOTAKBANK,SBIN,-0.09503467046905854
LT,SBIN,0.7408397994804002
M&M,SBIN,0.8618522260172196
MARUTI,SBIN,0.8411889879170803
NESTLEIND,SBIN,0.17641230410288888
NTPC,SBIN,0.8836687823003666
ONGC,SBIN,0.8795648621865768
POWERGRID,SBIN,0.9445688061001986
RELIANCE,SBIN,0.8012271328803091
SBILIFE,SBIN,0.5816821267528913
SBIN,SBIN,1.0
SHRIRAMFIN,SBIN,0.7503461758546436
SUNPHARMA,SBIN,0.8016781216253974
TATACONSUM,SBIN,0.6410124009767232
TATAMOTORS,SBIN,0.8413107164939891
TATASTEEL,SBIN,0.8771693676757615
TCS,SBIN,0.7224590279716641
TECHM,SBIN,0.6447749765335401
TITAN,SBIN,-0.053783139993945746
TRENT,SBIN,0.7818456053860596
ULTRACEMCO,SBIN,0.7832003854007393
WIPRO,SBIN,0.7620640686368214
ADANIENT,SHRIRAMFIN,0.4694278178735845
ADANIPORTS,SHRIRAMFIN,0.7939968111416935
APOLLOHOSP,SHRIRAMFIN,0.900181695521596
ASIANPAINT,SHRIRAMFIN,-0.030135908728373302
AXISBANK,SHRIRAMFIN,0.7407593343072069
BAJAJ-AUTO,SHRIRAMFIN,0.9373933519524693
BAJAJFINSV,SHRIRAMFIN,0.6183331142860427
BAJFINANCE,SHRIRAMFIN,-0.20481770594725202
BEL,SHRIRAMFIN,0.8418509244303106
BHARTIARTL,SHRIRAMFIN,0.9567993572752043
BPCL,SHRIRAMFIN,0.8347038355621025
BRITANNIA,SHRIRAMFIN,0.8841880004601301
CIPLA,SHRIRAMFIN,0.9077953858300455
COALINDIA,SHRIRAMFIN,0.8072176613201432
DRREDDY,SHRIRAMFIN,0.8549785073335557
EICHERMOT,SHRIRAMFIN,0.819345072536285
GRASIM,SHRIRAMFIN,0.9157798238757417
HCLTECH,SHRIRAMFIN,0.815199630421205
HDFCBANK,SHRIRAMFIN,0.6059232400775004
HDFCLIFE,SHRIRAMFIN,0.5863479673794694
HEROMOTOCO,SHRIRAMFIN,0.8520395819200177
HINDALCO,SHRIRAMFIN,0.8387389108143691
HINDUNILVR,SHRIRAMFIN,0.5943180831424951
ICICIBANK,SHRIRAMFIN,0.9338218475420186
INDUSINDBK,SHRIRAMFIN,-0.4565203872021865
INFY,SHRIRAMFIN,0.8493512086818669
ITC,SHRIRAMFIN,0.6849811377607861
JSWSTEEL,SHRIRAMFIN,0.89498242752841
KOTAKBANK,SHRIRAMFIN,0.28480585839282047
LT,SHRIRAMFIN,0.6379931464281874
M&M,SHRIRAMFIN,0.8942789390193736
MARUTI,SHRIRAMFIN,0.6422518521264657
NESTLEIND,SHRIRAMFIN,0.16734818592970774
NTPC,SHRIRAMFIN,0.9232511547733891
ONGC,SHRIRAMFIN,0.7852791586359691
POWERGRID,SHRIRAMFIN,0.8805930209474816
RELIANCE,SHRIRAMFIN,0.5858166570182545
SBILIFE,SHRIRAMFIN,0.8962838238808772
SBIN,SHRIRAMFIN,0.7503461758546436
SHRIRAMFIN,SHRIRAMFIN,1.0
SUNPHARMA,SHRIRAMFIN,0.9372715941228644
TATACONSUM,SHRIRAMFIN,0.5990104340897364
TATAMOTORS,SHRIRAMFIN,0.6529349695551224
TATASTEEL,SHRIRAMFIN,0.5712578319964263
TCS,SHRIRAMFIN,0.8192755285965918
TECHM,SHRIRAMFIN,0.9143574360810329
TITAN,SHRIRAMFIN,0.12292545557431438
TRENT,SHRIRAMFIN,0.9713181899157535
ULTRACEMCO,SHRIRAMFIN,0.8893337004924503
WIPRO,SHRIRAMFIN,0.826489226951465
ADANIENT,SUNPHARMA,0.5552060527098124
ADANIPORTS,SUNPHARMA,0.8332576919631237
APOLLOHOSP,SUNPHARMA,0.9480260102116248
ASIANPAINT,SUNPHARMA,-0.210303635156014
AXISBANK,SUNPHARMA,0.62085434000687
BAJAJ-AUTO,SUNPHARMA,0.9455713001891608
BAJAJFINSV,SUNPHARMA,0.5185231182146725
BAJFINANCE,SUNPHARMA,-0.4183150888286551
BEL,SUNPHARMA,0.8045297264243704
BHARTIARTL,SUNPHARMA,0.9323695970360869
BPCL,SUNPHARMA,0.9090310353726312
BRITANNIA,SUNPHARMA,0.7852001684686705
CIPLA,SUNPHARMA,0.9342150848829834
COALINDIA,SUNPHARMA,0.8390630900189218
DRREDDY,SUNPHARMA,0.8809251776143433
EICHERMOT,SUNPHARMA,0.7775502741152854
GRASIM,SUNPHARMA,0.8740528737385187
HCLTECH,SUNPHARMA,0.8720107185190515
HDFCBANK,SUNPHARMA,0.43807582693111174
HDFCLIFE,SUNPHARMA,0.5160443956008752
HEROMOTOCO,SUNPHARMA,0.8320845241850472
HINDALCO,SUNPHARMA,0.7779669578032014
HINDUNILVR,SUNPHARMA,0.4106435321907312
ICICIBANK,SUNPHARMA,0.916250199436999
INDUSINDBK,SUNPHARMA,-0.5129218549648471
INFY,SUNPHARMA,0.8255322449634904
ITC,SUNPHARMA,0.5622375841286458
JSWSTEEL,SUNPHARMA,0.8434685238800746
KOTAKBANK,SUNPHARMA,0.1412766079576983
LT,SUNPHARMA,0.6851343374541592
M&M,SUNPHARMA,0.8411845969315689
MARUTI,SUNPHARMA,0.6824706043024155
NESTLEIND,SUNPHARMA,0.13454519984091134
NTPC,SUNPHARMA,0.941432580205046
ONGC,SUNPHARMA,0.8332586847966346
POWERGRID,SUNPHARMA,0.8877417420758662
RELIANCE,SUNPHARMA,0.6321561628664761
SBILIFE,SUNPHARMA,0.8560649148771162
SBIN,SUNPHARMA,0.8016781216253974
SHRIRAMFIN,SUNPHARMA,0.9372715941228644
SUNPHARMA,SUNPHARMA,1.0
TATACONSUM,SUNPHARMA,0.647573051042026
TATAMOTORS,SUNPHARMA,0.7272196849560123
TATASTEEL,SUNPHARMA,0.5888757038948169
TCS,SUNPHARMA,0.8685792658833623
TECHM,SUNPHARMA,0.8679056199482623
TITAN,SUNPHARMA,0.1605351563240072
TRENT,SUNPHARMA,0.9446196396569233
ULTRACEMCO,SUNPHARMA,0.8213762991095024
WIPRO,SUNPHARMA,0.8734717799457968
ADANIENT,TATACONSUM,0.7832986069790786
ADANIPORTS,TATACONSUM,0.8230572785580701
APOLLOHOSP,TATACONSUM,0.6688991120617205
ASIANPAINT,TATACONSUM,-0.005592685368525476
AXISBANK,TATACONSUM,0.531075651023487
BAJAJ-AUTO,TATACONSUM,0.7113795172283761
BAJAJFINSV,TATACONSUM,0.1930701136083485
BAJFINANCE,TATACONSUM,-0.4220369832678682
BEL,TATACONSUM,0.6036179046753569
BHARTIARTL,TATACONSUM,0.5522068713669032
BPCL,TATACONSUM,0.7930831322574237
BRITANNIA,TATACONSUM,0.6140768436430383
CIPLA,TATACONSUM,0.7541879199952798
COALINDIA,TATACONSUM,0.8234755160478102
DRREDDY,TATACONSUM,0.752279584692946
EICHERMOT,TATACONSUM,0.48871497097572003
GRASIM,TATACONSUM,0.6029983091316484
HCLTECH,TATACONSUM,0.5442796171298044
HDFCBANK,TATACONSUM,0.030812043570165853
HDFCLIFE,TATACONSUM,0.07226640824209069
HEROMOTOCO,TATACONSUM,0.7773155652448164
HINDALCO,TATACONSUM,0.5210391571968552
HINDUNILVR,TATACONSUM,0.28525315837966125
ICICIBANK,TATACONSUM,0.5366597396892323
INDUSINDBK,TATACONSUM,0.189329351493006
INFY,TATACONSUM,0.5413162279657484
ITC,TATACONSUM,0.2737928211206669
JSWSTEEL,TATACONSUM,0.4517561697302532
KOTAKBANK,TATACONSUM,0.19935437597837175
LT,TATACONSUM,0.7567943194356043
M&M,TATACONSUM,0.47836560784585136
MARUTI,TATACONSUM,0.6032096027837185
NESTLEIND,TATACONSUM,0.6562243232449916
NTPC,TATACONSUM,0.7161622660905598
ONGC,TATACONSUM,0.8366560873979235
POWERGRID,TATACONSUM,0.7044875316304969
RELIANCE,TATACONSUM,0.8894671961519659
SBILIFE,TATACONSUM,0.6359849782741469
SBIN,TATACONSUM,0.6410124009767232
SHRIRAMFIN,TATACONSUM,0.5990104340897364
SUNPHARMA,TATACONSUM,0.647573051042026
TATACONSUM,TATACONSUM,1.0
TATAMOTORS,TATACONSUM,0.8859943457091477
TATASTEEL,TATACONSUM,0.6034932479721447
TCS,TATACONSUM,0.7931089099419999
TECHM,TATACONSUM,0.418596417480576
TITAN,TATACONSUM,0.5565523087319314
TRENT,TATACONSUM,0.5287447124610771
ULTRACEMCO,TATACONSUM,0.6693008979953283
WIPRO,TATACONSUM,0.6404495366676748
ADANIENT,TATAMOTORS,0.7839649582833813
ADANIPORTS,TATAMOTORS,0.9165225499671582
APOLLOHOSP,TATAMOTORS,0.6879522571702297
ASIANPAINT,TATAMOTORS,-0.24749070211274862
AXISBANK,TATAMOTORS,0.5968310346878762
BAJAJ-AUTO,TATAMOTORS,0.7863091126071757
BAJAJFINSV,TATAMOTORS,0.0880770959774005
BAJFINANCE,TATAMOTORS,-0.5329799828559244
BEL,TATAMOTORS,0.7611308471293221
BHARTIARTL,TATAMOTORS,0.662700308301678
BPCL,TATAMOTORS,0.8972810500054859
BRITANNIA,TATAMOTORS,0.5784350297061273
CIPLA,TATAMOTORS,0.8119187696560158
COALINDIA,TATAMOTORS,0.9279766986491369
DRREDDY,TATAMOTORS,0.8106217149081605
EICHERMOT,TATAMOTORS,0.6755282595073713
GRASIM,TATAMOTORS,0.736398360294084
HCLTECH,TATAMOTORS,0.48610564786324506
HDFCBANK,TATAMOTORS,0.061323944167343464
HDFCLIFE,TATAMOTORS,0.0619709266898186
HEROMOTOCO,TATAMOTORS,0.8286698554229295
HINDALCO,TATAMOTORS,0.6384707621914018
HINDUNILVR,TATAMOTORS,0.1374446686534375
ICICIBANK,TATAMOTORS,0.6664116727122396
INDUSINDBK,TATAMOTORS,-0.007669222760933368
INFY,TATAMOTORS,0.4704756541142739
ITC,TATAMOTORS,0.20347985965756896
JSWSTEEL,TATAMOTORS,0.5640402585843066
KOTAKBANK,TATAMOTORS,-0.015144515020629705
LT,TATAMOTORS,0.7801239713741063
M&M,TATAMOTORS,0.6379888483282928
MARUTI,TATAMOTORS,0.8213185002073983
NESTLEIND,TATAMOTORS,0.4676148192049431
NTPC,TATAMOTORS,0.8045039381253933
ONGC,TATAMOTORS,0.9426335434580121
POWERGRID,TATAMOTORS,0.8398720024175511
RELIANCE,TATAMOTORS,0.9373363745300991
SBILIFE,TATAMOTORS,0.623171012967671
SBIN,TATAMOTORS,0.8413107164939891
SHRIRAMFIN,TATAMOTORS,0.6529349695551224
SUNPHARMA,TATAMOTORS,0.7272196849560123
TATACONSUM,TATAMOTORS,0.8859943457091477
TATAMOTORS,TATAMOTORS,1.0
TATASTEEL,TATAMOTORS,0.7997979360424068
TCS,TATAMOTORS,0.7899689587742882
TECHM,TATAMOTORS,0.46625980291578667
TITAN,TATAMOTORS,0.3005007656839708
TRENT,TATAMOTORS,0.6255291283077691
ULTRACEMCO,TATAMOTORS,0.6963235538205391
WIPRO,TATAMOTORS,0.6511486308219467
ADANIENT,TATASTEEL,0.732032711370657
ADANIPORTS,TATASTEEL,0.8342552713977388
APOLLOHOSP,TATASTEEL,0.5209286158348916
ASIANPAINT,TATASTEEL,-0.3574333204325328
AXISBANK,TATASTEEL,0.7096679237986803
BAJAJ-AUTO,TATASTEEL,0.7454958970189611
BAJAJFINSV,TATASTEEL,0.06639374216951478
BAJFINANCE,TATASTEEL,-0.33686452312940096
BEL,TATASTEEL,0.811677038190557
BHARTIARTL,TATASTEEL,0.6735966826492783
BPCL,TATASTEEL,0.767670643745938
BRITANNIA,TATASTEEL,0.5114803298666811
CIPLA,TATASTEEL,0.6980852956632771
COALINDIA,TATASTEEL,0.8203652385645169
DRREDDY,TATASTEEL,0.5465892944468813
EICHERMOT,TATASTEEL,0.7633912681769204
GRASIM,TATASTEEL,0.7196754227943556
HCLTECH,TATASTEEL,0.2539231267001722
HDFCBANK,TATASTEEL,0.19954347006350565
HDFCLIFE,TATASTEEL,-0.1353732199642396
HEROMOTOCO,TATASTEEL,0.8064888278881904
HINDALCO,TATASTEEL,0.774772774068913
HINDUNILVR,TATASTEEL,-0.006037981001390508
ICICIBANK,TATASTEEL,0.6724812433575389
INDUSINDBK,TATASTEEL,-0.06614583924077463
INFY,TATASTEEL,0.2057909586641752
ITC,TATASTEEL,0.046823905804474056
JSWSTEEL,TATASTEEL,0.6857167314277863
KOTAKBANK,TATASTEEL,-0.07561960819498335
LT,TATASTEEL,0.7122082531888724
M&M,TATASTEEL,0.7356198096595415
MARUTI,TATASTEEL,0.8757499450331294
NESTLEIND,TATASTEEL,0.3468987882837006
NTPC,TATASTEEL,0.7395654728945988
ONGC,TATASTEEL,0.7376868010614449
POWERGRID,TATASTEEL,0.8100278748845078
RELIANCE,TATASTEEL,0.8026087087647188
SBILIFE,TATASTEEL,0.36466260112737725
SBIN,TATASTEEL,0.8771693676757615
SHRIRAMFIN,TATASTEEL,0.5712578319964263
SUNPHARMA,TATASTEEL,0.5888757038948169
TATACONSUM,TATASTEEL,0.6034932479721447
TATAMOTORS,TATASTEEL,0.7997979360424068
TATASTEEL,TATASTEEL,1.0
TCS,TATASTEEL,0.49124584736395793
TECHM,TATASTEEL,0.37769394471107265
TITAN,TATASTEEL,0.0539032929104066
TRENT,TATASTEEL,0.585535875297398
ULTRACEMCO,TATASTEEL,0.6344458065660551
WIPRO,TATASTEEL,0.5225241356952726
ADANIENT,TCS,0.6013748438683383
ADANIPORTS,TCS,0.8174824402130634
APOLLOHOSP,TCS,0.8619095532129161
ASIANPAINT,TCS,-0.038384118487573914
AXISBANK,TCS,0.5964713596493333
BAJAJ-AUTO,TCS,0.8226054603800897
BAJAJFINSV,TCS,0.41661798412392276
BAJFINANCE,TCS,-0.4159279783696307
BEL,TCS,0.7233807167928437
BHARTIARTL,TCS,0.7665840150010085
BPCL,TCS,0.8603503667314552
BRITANNIA,TCS,0.7526016784139931
CIPLA,TCS,0.8607130680903082
COALINDIA,TCS,0.8195958122011846
DRREDDY,TCS,0.9064112511634466
EICHERMOT,TCS,0.670131039221203
GRASIM,TCS,0.7959759306399204
HCLTECH,TCS,0.8265954227603358
HDFCBANK,TCS,0.3341259074432642
HDFCLIFE,TCS,0.4682493053579161
HEROMOTOCO,TCS,0.7969151807093467
HINDALCO,TCS,0.6393247444872309
HINDUNILVR,TCS,0.48189649279963015
ICICIBANK,TCS,0.7815045627178948
INDUSINDBK,TCS,-0.2891342206850323
INFY,TCS,0.8641395931323846
ITC,TCS,0.5630233007863786
JSWSTEEL,TCS,0.6864311241262457
KOTAKBANK,TCS,0.21434910695103682
LT,TCS,0.701678770486132
M&M,TCS,0.6893387378065897
MARUTI,TCS,0.5736627181687831
NESTLEIND,TCS,0.28992707260594014
NTPC,TCS,0.8454435971212919
ONGC,TCS,0.862391476908867
POWERGRID,TCS,0.8115472047293285
RELIANCE,TCS,0.7192362664568762
SBILIFE,TCS,0.8597760139941667
SBIN,TCS,0.7224590279716641
SHRIRAMFIN,TCS,0.8192755285965918
SUNPHARMA,TCS,0.8685792658833623
TATACONSUM,TCS,0.7931089099419999
TATAMOTORS,TCS,0.7899689587742882
TATASTEEL,TCS,0.49124584736395793
TCS,TCS,1.0
TECHM,TCS,0.7917981968446264
TITAN,TCS,0.3167458908468316
TRENT,TCS,0.7963445026046019
ULTRACEMCO,TCS,0.8118648572046987
WIPRO,TCS,0.8575548166784149
ADANIENT,TECHM,0.3061883592353386
ADANIPORTS,TECHM,0.659344435606107
APOLLOHOSP,TECHM,0.8499165876142827
ASIANPAINT,TECHM,-0.030904543466858864
AXISBANK,TECHM,0.6814830653333906
BAJAJ-AUTO,TECHM,0.8018322018775748
BAJAJFINSV,TECHM,0.5648440583068702
BAJFINANCE,TECHM,-0.2190300963221343
BEL,TECHM,0.7770037096359016
BHARTIARTL,TECHM,0.8962608595084218
BPCL,TECHM,0.6974714971644527
BRITANNIA,TECHM,0.8409767189786501
CIPLA,TECHM,0.7912089125701413
COALINDIA,TECHM,0.6597765506213461
DRREDDY,TECHM,0.7836065673580286
EICHERMOT,TECHM,0.7666450389873344
GRASIM,TECHM,0.857916563675776
HCLTECH,TECHM,0.8523735255402409
HDFCBANK,TECHM,0.6913463914371956
HDFCLIFE,TECHM,0.688322765123988
HEROMOTOCO,TECHM,0.7331931253767824
HINDALCO,TECHM,0.7714676997757501
HINDUNILVR,TECHM,0.6312787411987372
ICICIBANK,TECHM,0.8865077769639172
INDUSINDBK,TECHM,-0.6373990352190192
INFY,TECHM,0.9206745431751979
ITC,TECHM,0.7562506722177941
JSWSTEEL,TECHM,0.8580266287349628
KOTAKBANK,TECHM,0.2987843275239113
LT,TECHM,0.522417786555638
M&M,TECHM,0.8454748036543192
MARUTI,TECHM,0.42301642632621383
NESTLEIND,TECHM,-0.05840577370627947
NTPC,TECHM,0.827516843676483
ONGC,TECHM,0.6539117571534396
POWERGRID,TECHM,0.7797374343087631
RELIANCE,TECHM,0.39064789708763925
SBILIFE,TECHM,0.8329561451565778
SBIN,TECHM,0.6447749765335401
SHRIRAMFIN,TECHM,0.9143574360810329
SUNPHARMA,TECHM,0.8679056199482623
TATACONSUM,TECHM,0.418596417480576
TATAMOTORS,TECHM,0.46625980291578667
TATASTEEL,TECHM,0.37769394471107265
TCS,TECHM,0.7917981968446264
TECHM,TECHM,1.0
TITAN,TECHM,-0.023216824947241237
TRENT,TECHM,0.9278822415719716
ULTRACEMCO,TECHM,0.8536900872214
WIPRO,TECHM,0.8401646259300432
ADANIENT,TITAN,0.4571179973603689
ADANIPORTS,TITAN,0.2151623981744174
APOLLOHOSP,TITAN,0.26891992022523403
ASIANPAINT,TITAN,0.37094167170485937
AXISBANK,TITAN,0.002642901574939365
BAJAJ-AUTO,TITAN,0.1997104077447448
BAJAJFINSV,TITAN,0.3572286754939997
BAJFINANCE,TITAN,0.03896306695312447
BEL,TITAN,-0.09315626592985697
BHARTIARTL,TITAN,-0.009407435447327712
BPCL,TITAN,0.23514920634480216
BRITANNIA,TITAN,0.12995886509848706
CIPLA,TITAN,0.19303549408605683
COALINDIA,TITAN,0.17475587894898753
DRREDDY,TITAN,0.1719294755554406
EICHERMOT,TITAN,-0.1123145988021798
GRASIM,TITAN,-0.03324247840984509
HCLTECH,TITAN,0.3055848748380859
HDFCBANK,TITAN,-0.09577124192898168
HDFCLIFE,TITAN,0.05108943059345073
HEROMOTOCO,TITAN,0.20030044573471628
HINDALCO,TITAN,-0.011418768015879373
HINDUNILVR,TITAN,0.0926488120658713
ICICIBANK,TITAN,-0.03034473026233153
INDUSINDBK,TITAN,0.5583375751479689
INFY,TITAN,0.19259220092601895
ITC,TITAN,0.0869424317242857
JSWSTEEL,TITAN,0.02573394576500538
KOTAKBANK,TITAN,0.38587830982078763
LT,TITAN,0.46255558869158786
M&M,TITAN,-0.15601362065089389
MARUTI,TITAN,0.02074864439685508
NESTLEIND,TITAN,0.6444060503409351
NTPC,TITAN,0.164337490976858
ONGC,TITAN,0.1583097601719777
POWERGRID,TITAN,0.025013455621554475
RELIANCE,TITAN,0.3575077047101702
SBILIFE,TITAN,0.2686933062619983
SBIN,TITAN,-0.053783139993945746
SHRIRAMFIN,TITAN,0.12292545557431438
SUNPHARMA,TITAN,0.1605351563240072
TATACONSUM,TITAN,0.5565523087319314
TATAMOTORS,TITAN,0.3005007656839708
TATASTEEL,TITAN,0.0539032929104066
TCS,TITAN,0.3167458908468316
TECHM,TITAN,-0.023216824947241237
TITAN,TITAN,1.0
TRENT,TITAN,0.013207078979645067
ULTRACEMCO,TITAN,0.15366089744278613
WIPRO,TITAN,0.19229328134502768
ADANIENT,TRENT,0.43679027771764173
ADANIPORTS,TRENT,0.7793583480569781
APOLLOHOSP,TRENT,0.877633028561032
ASIANPAINT,TRENT,-0.09311833952907275
AXISBANK,TRENT,0.7354663141609872
BAJAJ-AUTO,TRENT,0.9363827154609684
BAJAJFINSV,TRENT,0.575921466579318
BAJFINANCE,TRENT,-0.26796263318436353
BEL,TRENT,0.8632419184620034
BHARTIARTL,TRENT,0.9762636778480912
BPCL,TRENT,0.8383125509665607
BRITANNIA,TRENT,0.8675089680802404
CIPLA,TRENT,0.8967539063736885
COALINDIA,TRENT,0.8047742857363258
DRREDDY,TRENT,0.8287238318672506
EICHERMOT,TRENT,0.8647146332789252
GRASIM,TRENT,0.924735867760816
HCLTECH,TRENT,0.7966566381450603
HDFCBANK,TRENT,0.6157998718331973
HDFCLIFE,TRENT,0.5865302309986453
HEROMOTOCO,TRENT,0.8424140919102602
HINDALCO,TRENT,0.8711780424794258
HINDUNILVR,TRENT,0.5583737891565362
ICICIBANK,TRENT,0.9477485769721367
INDUSINDBK,TRENT,-0.5545163227986419
INFY,TRENT,0.8236328581512684
ITC,TRENT,0.6705344471464657
JSWSTEEL,TRENT,0.9222858491624649
KOTAKBANK,TRENT,0.20867767091947664
LT,TRENT,0.5998171816394743
M&M,TRENT,0.9293316713582459
MARUTI,TRENT,0.6613796835165415
NESTLEIND,TRENT,0.08106292352596647
NTPC,TRENT,0.9253231727122414
ONGC,TRENT,0.7668380621464304
POWERGRID,TRENT,0.889679403287259
RELIANCE,TRENT,0.5352675840749083
SBILIFE,TRENT,0.8645973422528975
SBIN,TRENT,0.7818456053860596
SHRIRAMFIN,TRENT,0.9713181899157535
SUNPHARMA,TRENT,0.9446196396569233
TATACONSUM,TRENT,0.5287447124610771
TATAMOTORS,TRENT,0.6255291283077691
TATASTEEL,TRENT,0.585535875297398
TCS,TRENT,0.7963445026046019
TECHM,TRENT,0.9278822415719716
TITAN,TRENT,0.013207078979645067
TRENT,TRENT,1.0
ULTRACEMCO,TRENT,0.8662109660555415
WIPRO,TRENT,0.8134915954630995
ADANIENT,ULTRACEMCO,0.5904620705460282
ADANIPORTS,ULTRACEMCO,0.8555209348199408
APOLLOHOSP,ULTRACEMCO,0.8300269732772395
ASIANPAINT,ULTRACEMCO,0.017379064834706564
AXISBANK,ULTRACEMCO,0.8676938536347364
BAJAJ-AUTO,ULTRACEMCO,0.860869140938894
BAJAJFINSV,ULTRACEMCO,0.4489046357659561
BAJFINANCE,ULTRACEMCO,-0.26117163632471674
BEL,ULTRACEMCO,0.8947768312653939
BHARTIARTL,ULTRACEMCO,0.8692629570508001
BPCL,ULTRACEMCO,0.8053000352159128
BRITANNIA,ULTRACEMCO,0.9037613909806396
CIPLA,ULTRACEMCO,0.8533158975750497
COALINDIA,ULTRACEMCO,0.833210413300213
DRREDDY,ULTRACEMCO,0.8347417106163272
EICHERMOT,ULTRACEMCO,0.8443603716387503
GRASIM,ULTRACEMCO,0.9209979502685648
HCLTECH,ULTRACEMCO,0.7288889492724342
HDFCBANK,ULTRACEMCO,0.6522751128755833
HDFCLIFE,ULTRACEMCO,0.4760963021296457
HEROMOTOCO,ULTRACEMCO,0.9017787325646145
HINDALCO,ULTRACEMCO,0.8530771774072109
HINDUNILVR,ULTRACEMCO,0.5859024184725896
ICICIBANK,ULTRACEMCO,0.8852319712858072
INDUSINDBK,ULTRACEMCO,-0.31675060276799116
INFY,ULTRACEMCO,0.7968390075824362
ITC,ULTRACEMCO,0.6322360992736168
JSWSTEEL,ULTRACEMCO,0.8773940650046235
KOTAKBANK,ULTRACEMCO,0.38982707950665785
LT,ULTRACEMCO,0.7460064058207734
M&M,ULTRACEMCO,0.8703641152450291
MARUTI,ULTRACEMCO,0.588169421945283
NESTLEIND,ULTRACEMCO,0.321907047674477
NTPC,ULTRACEMCO,0.901947340557044
ONGC,ULTRACEMCO,0.797086019302516
POWERGRID,ULTRACEMCO,0.8964486588136376
RELIANCE,ULTRACEMCO,0.6900786297282306
SBILIFE,ULTRACEMCO,0.8087781264140437
SBIN,ULTRACEMCO,0.7832003854007393
SHRIRAMFIN,ULTRACEMCO,0.8893337004924503
SUNPHARMA,ULTRACEMCO,0.8213762991095024
TATACONSUM,ULTRACEMCO,0.6693008979953283
TATAMOTORS,ULTRACEMCO,0.6963235538205391
TATASTEEL,ULTRACEMCO,0.6344458065660551
TCS,ULTRACEMCO,0.8118648572046987
TECHM,ULTRACEMCO,0.8536900872214
TITAN,ULTRACEMCO,0.15366089744278613
TRENT,ULTRACEMCO,0.8662109660555415
ULTRACEMCO,ULTRACEMCO,1.0
WIPRO,ULTRACEMCO,0.8346923798362484
ADANIENT,WIPRO,0.6097739910870342
ADANIPORTS,WIPRO,0.7988041240711219
APOLLOHOSP,WIPRO,0.906900067000262
ASIANPAINT,WIPRO,-0.23092146904728902
AXISBANK,WIPRO,0.67454252720235
BAJAJ-AUTO,WIPRO,0.8164226906710327
BAJAJFINSV,WIPRO,0.3838620958309845
BAJFINANCE,WIPRO,-0.43476573994705836
BEL,WIPRO,0.7510171209608825
BHARTIARTL,WIPRO,0.8022701206195125
BPCL,WIPRO,0.8071652478048816
BRITANNIA,WIPRO,0.7039427402590346
CIPLA,WIPRO,0.8391500316465662
COALINDIA,WIPRO,0.7458551079039916
DRREDDY,WIPRO,0.8206118796503328
EICHERMOT,WIPRO,0.6635695904186338
GRASIM,WIPRO,0.7955647326872286
HCLTECH,WIPRO,0.8983240415303861
HDFCBANK,WIPRO,0.44420189287801054
HDFCLIFE,WIPRO,0.388382053063683
HEROMOTOCO,WIPRO,0.7897816944440469
HINDALCO,WIPRO,0.6788499537336998
HINDUNILVR,WIPRO,0.3346765289008447
ICICIBANK,WIPRO,0.8457957703603988
INDUSINDBK,WIPRO,-0.45305274323992967
INFY,WIPRO,0.8281205428803133
ITC,WIPRO,0.4210182032033242
JSWSTEEL,WIPRO,0.7645973765833091
KOTAKBANK,WIPRO,0.22687650841566553
LT,WIPRO,0.7045118923924277
M&M,WIPRO,0.7343464326655786
MARUTI,WIPRO,0.4784991381544625
NESTLEIND,WIPRO,0.17582226730353634
NTPC,WIPRO,0.8387021536890278
ONGC,WIPRO,0.7475494240755226
POWERGRID,WIPRO,0.8083812606945104
RELIANCE,WIPRO,0.6669127882304183
SBILIFE,WIPRO,0.7176876078009833
SBIN,WIPRO,0.7620640686368214
SHRIRAMFIN,WIPRO,0.826489226951465
SUNPHARMA,WIPRO,0.8734717799457968
TATACONSUM,WIPRO,0.6404495366676748
TATAMOTORS,WIPRO,0.6511486308219467
TATASTEEL,WIPRO,0.5225241356952726
TCS,WIPRO,0.8575548166784149
TECHM,WIPRO,0.8401646259300432
TITAN,WIPRO,0.19229328134502768
TRENT,WIPRO,0.8134915954630995
ULTRACEMCO,WIPRO,0.8346923798362484
WIPRO,WIPRO,1.0
